datekey,productkey,warehousekey,producedqty,scrapqty,machinehours,downtimehours
20240101,8,2,21.12,0.78,5.4,0.94
20240101,10,1,40.68,3.47,16.1,1.32
20240101,2,3,43.99,2.51,11.76,0.36
20240101,14,3,34.11,1.76,14.72,1.63
20240101,5,3,138.23,7.24,14.37,0.19
20240102,25,3,58.5,1.71,11.01,2.6
20240102,7,2,124.71,11.86,7.74,0.39
20240102,6,2,125.24,2.88,19.34,1.88
20240102,1,2,48.23,4.42,1.54,0.08
20240102,15,1,7.62,0.44,16.11,2.77
20240103,24,3,26.17,2.52,10.01,2.86
20240103,16,1,19.99,1.58,16.93,1.02
20240103,28,3,115.97,7.3,4.96,0.59
20240103,14,3,18.84,1.55,10.97,2.6
20240103,2,2,146.67,3.28,12.95,0.07
20240104,17,1,110.36,7.57,3.17,2.98
20240104,22,3,136.71,0.09,18.8,0.12
20240104,20,3,44.03,4.27,19.56,0.2
20240104,8,3,77.56,5.23,8.41,1.87
20240104,13,3,51.81,4.38,5.42,1.76
20240105,29,2,67.21,1.35,1.3,0.76
20240105,25,3,109.13,8.07,11.23,1.13
20240105,9,2,125.68,0.76,19.43,1.37
20240105,6,3,113.62,1.95,9.68,1.8
20240105,19,3,18.36,0.78,17.18,0.96
20240108,17,1,133.75,0.87,14.63,1.45
20240108,29,2,93.74,2.67,13.18,1.57
20240108,20,2,62.42,0.8,5.5,0.62
20240108,18,3,35.5,1.42,4.41,0.14
20240108,5,1,67.84,6.25,13.92,1.93
20240109,28,3,38.12,2.77,19.67,2.92
20240109,2,1,7.86,0.23,7.98,2.81
20240109,24,1,95.22,1.89,12.67,0.51
20240109,22,1,143.45,13.04,13.29,2.62
20240109,19,3,29.46,2.01,16.7,0.47
20240110,8,1,74.5,6.38,5.45,1.49
20240110,26,3,61.42,1.6,14.82,0.83
20240110,24,3,60.41,0.89,18.37,1.94
20240110,1,2,91.5,4.9,13.55,2.53
20240110,7,1,28.32,2.21,3.23,1.27
20240111,1,3,91.82,1.7,15.33,1.12
20240111,27,1,133.99,1.07,2.66,2.72
20240111,7,1,109.04,3.81,19.87,2.98
20240111,2,1,121.23,0.67,9.72,1.24
20240111,18,2,133.81,7.3,2.93,2.48
20240112,30,1,41.35,1.54,3.61,0.44
20240112,17,3,30.83,2.04,15.21,2.04
20240112,19,3,16.47,0.64,16.19,2.19
20240112,8,1,71.27,2.59,9.2,1.31
20240112,5,1,71.66,1.08,14.09,2.65
20240115,14,3,20.87,0.59,2.57,0.07
20240115,7,3,18.04,1.54,17.64,2.94
20240115,28,3,148.96,14.27,7.11,2.85
20240115,11,1,0.98,0.07,5.84,0.19
20240115,2,1,118.0,2.99,3.36,0.29
20240116,20,1,117.44,0.03,3.89,2.24
20240116,10,3,70.64,5.72,16.62,2.41
20240116,27,1,93.78,1.59,14.98,0.73
20240116,14,2,146.22,6.43,1.47,1.65
20240116,11,2,30.55,0.91,3.78,2.08
20240117,3,3,47.52,2.54,2.73,0.47
20240117,16,2,56.12,4.27,7.65,0.4
20240117,2,3,86.43,2.16,1.03,2.25
20240117,4,2,18.48,0.02,2.94,0.28
20240117,7,3,78.42,0.21,15.63,2.26
20240118,3,1,99.09,3.82,1.95,2.01
20240118,4,3,0.68,0.05,1.92,2.36
20240118,23,3,85.73,7.82,9.96,2.82
20240118,6,3,89.13,3.91,1.48,0.85
20240118,29,1,15.72,1.26,14.71,2.93
20240119,23,2,54.49,1.7,1.56,1.02
20240119,27,2,147.98,7.22,10.33,0.32
20240119,10,2,61.49,3.21,14.12,0.76
20240119,18,1,22.66,0.59,8.45,1.16
20240119,8,1,121.5,11.42,2.91,2.76
20240122,20,3,146.08,9.22,8.37,0.75
20240122,14,1,89.86,3.87,1.37,0.85
20240122,1,1,37.75,0.42,18.3,0.44
20240122,19,2,115.07,6.21,1.96,1.98
20240122,7,3,146.31,3.49,4.91,1.88
20240123,10,3,24.36,1.36,18.97,2.6
20240123,26,3,148.58,9.02,14.4,2.3
20240123,16,1,92.19,1.75,15.35,1.71
20240123,4,1,125.84,1.29,11.25,2.33
20240123,11,2,96.66,5.16,1.71,0.73
20240124,28,1,136.67,10.75,11.43,1.88
20240124,10,3,31.83,1.26,19.41,2.27
20240124,8,3,131.82,5.74,9.76,2.05
20240124,3,3,71.06,0.66,7.26,2.08
20240124,19,2,138.58,12.33,3.53,1.98
20240125,16,2,56.14,2.56,13.38,2.43
20240125,2,1,133.0,11.7,14.69,2.08
20240125,20,2,116.72,9.46,14.69,1.79
20240125,30,3,86.44,2.36,6.96,2.14
20240125,24,1,126.29,2.23,2.94,1.41
20240126,14,3,40.33,2.63,5.79,0.23
20240126,15,1,55.54,3.51,19.37,0.32
20240126,23,3,74.05,0.42,9.45,2.69
20240126,3,2,26.79,2.61,8.78,2.41
20240126,6,1,74.5,1.93,17.9,1.36
20240129,1,2,39.0,0.05,2.23,0.44
20240129,27,3,23.27,2.07,3.53,2.03
20240129,19,3,121.12,4.03,13.02,2.84
20240129,25,2,61.16,4.06,3.33,0.49
20240129,14,1,5.44,0.19,16.96,2.06
20240130,12,3,37.81,1.82,14.67,0.6
20240130,30,3,30.59,1.4,17.84,1.35
20240130,8,1,71.31,6.45,12.51,0.64
20240130,2,2,92.88,7.55,6.43,0.58
20240130,24,2,37.6,3.39,3.46,2.06
20240131,18,2,9.38,0.37,10.25,2.82
20240131,19,3,120.76,1.48,9.19,2.43
20240131,1,1,81.53,4.76,14.38,2.79
20240131,4,2,115.38,2.2,12.92,2.82
20240131,24,2,104.28,0.81,16.86,0.85
20240201,26,1,130.29,7.2,11.07,2.35
20240201,7,2,130.31,9.58,17.65,1.7
20240201,25,1,82.05,3.79,3.47,2.22
20240201,17,2,15.28,1.4,1.99,1.24
20240201,9,1,28.35,0.7,6.19,2.03
20240202,28,1,141.57,7.83,12.69,0.7
20240202,24,1,31.51,2.14,10.25,2.01
20240202,19,1,48.97,2.57,7.2,2.71
20240202,25,1,91.88,7.64,12.13,1.59
20240202,22,3,50.93,3.81,2.29,2.86
20240205,18,2,51.33,2.51,8.66,0.4
20240205,1,1,69.39,0.36,8.89,1.17
20240205,11,2,5.72,0.46,10.1,0.88
20240205,20,1,79.56,4.98,19.4,2.78
20240205,3,3,134.66,8.21,12.47,1.86
20240206,29,1,29.34,1.93,10.28,1.81
20240206,21,1,76.55,7.12,15.82,2.35
20240206,9,1,36.56,0.03,19.81,1.29
20240206,15,1,137.46,8.14,12.14,0.29
20240206,14,2,89.22,4.17,15.93,1.37
20240207,29,1,3.07,0.02,4.29,2.23
20240207,28,1,142.69,2.37,17.44,2.72
20240207,22,2,72.92,2.06,19.99,0.03
20240207,15,1,19.26,0.14,5.19,2.09
20240207,7,3,63.98,4.1,15.17,1.66
20240208,14,1,92.36,2.85,14.13,1.75
20240208,28,2,23.92,0.6,18.56,1.67
20240208,1,3,76.14,5.03,5.86,2.09
20240208,29,1,108.9,6.17,10.66,1.98
20240208,16,3,5.82,0.55,4.79,2.62
20240209,1,2,85.51,7.67,13.17,2.42
20240209,12,1,6.24,0.34,15.61,1.41
20240209,8,3,87.46,6.91,5.41,1.06
20240209,10,2,10.73,0.24,13.66,2.51
20240209,16,3,25.27,1.15,6.71,1.99
20240212,11,2,19.77,1.44,12.27,0.23
20240212,28,3,126.37,8.26,18.12,1.44
20240212,8,2,27.9,0.39,5.46,2.57
20240212,24,3,24.2,0.34,8.86,2.7
20240212,20,3,142.66,1.59,19.99,0.33
20240213,18,1,50.88,0.53,10.35,0.28
20240213,3,2,23.01,1.48,7.09,0.56
20240213,7,2,140.95,7.54,7.96,0.53
20240213,25,1,140.25,12.27,17.74,1.95
20240213,27,3,50.71,3.14,8.5,0.93
20240214,9,2,87.65,4.27,11.42,0.66
20240214,10,2,25.71,1.25,19.2,0.25
20240214,1,1,101.79,3.1,7.67,2.81
20240214,2,2,55.42,4.59,1.18,1.96
20240214,11,1,3.83,0.21,8.7,1.04
20240215,6,1,96.27,1.54,17.83,1.39
20240215,7,1,39.24,2.05,19.64,0.89
20240215,2,2,7.29,0.05,8.67,0.41
20240215,10,2,3.0,0.18,3.67,0.16
20240215,5,1,79.18,7.09,14.1,2.04
20240216,29,3,33.93,1.3,6.65,1.98
20240216,15,2,32.96,0.06,12.18,2.22
20240216,11,1,4.04,0.2,13.41,2.76
20240216,5,1,94.55,4.66,13.23,2.75
20240216,3,2,133.47,10.18,3.58,1.56
20240219,20,3,28.79,1.6,4.31,0.76
20240219,6,1,73.86,1.04,10.55,0.03
20240219,15,2,52.83,0.5,10.08,0.83
20240219,19,2,4.86,0.31,19.92,2.65
20240219,16,3,126.68,6.53,7.8,0.57
20240220,14,3,110.69,6.2,3.2,0.08
20240220,10,1,84.93,8.17,11.07,2.81
20240220,24,3,89.35,6.52,13.75,1.33
20240220,1,2,144.28,4.79,17.61,0.87
20240220,22,1,83.8,4.66,7.37,0.03
20240221,26,3,30.74,0.94,2.75,2.36
20240221,16,3,97.99,5.46,12.14,1.22
20240221,6,3,106.71,4.48,2.06,2.34
20240221,3,2,34.79,1.92,5.19,0.5
20240221,30,2,114.7,2.65,19.53,2.68
20240222,20,3,21.39,0.75,16.63,1.52
20240222,29,2,114.98,5.44,18.39,2.11
20240222,23,3,91.01,3.24,7.18,1.34
20240222,16,2,35.68,3.01,5.35,0.09
20240222,14,2,104.21,2.63,4.59,1.72
20240223,1,2,130.76,3.25,11.85,1.71
20240223,29,3,115.8,2.15,15.32,0.41
20240223,16,1,18.52,0.27,13.89,1.36
20240223,21,3,1.24,0.03,13.06,1.95
20240223,27,1,78.79,7.67,12.55,1.42
20240226,2,1,8.68,0.31,2.16,2.54
20240226,22,1,4.57,0.38,6.46,2.64
20240226,6,2,114.15,10.39,14.13,1.42
20240226,24,3,69.3,1.3,3.65,1.65
20240226,14,1,99.69,4.83,4.91,1.21
20240227,10,2,106.88,9.33,13.56,0.48
20240227,5,1,77.22,5.13,1.37,2.17
20240227,4,3,104.4,4.13,2.71,2.9
20240227,15,2,143.27,2.68,5.03,2.73
20240227,18,3,80.28,4.84,2.69,2.97
20240228,17,1,136.41,4.08,7.25,0.39
20240228,2,2,115.81,7.39,10.42,0.03
20240228,19,1,37.7,0.42,1.64,2.2
20240228,29,1,126.92,9.81,11.67,0.86
20240228,18,1,10.3,0.91,3.39,1.41
20240229,2,3,10.65,0.24,14.24,2.72
20240229,8,2,98.38,5.72,16.3,1.3
20240229,18,2,67.57,2.86,10.87,1.47
20240229,20,3,97.58,0.7,1.57,0.12
20240229,22,1,81.33,7.81,6.16,1.12
20240301,16,2,130.58,11.5,18.02,0.26
20240301,25,2,14.63,1.19,10.19,1.8
20240301,9,1,119.42,9.2,12.64,0.73
20240301,10,3,55.51,1.3,10.19,1.19
20240301,17,1,3.71,0.12,9.45,0.45
20240304,30,2,24.99,2.29,16.55,1.81
20240304,26,1,132.08,9.47,16.19,2.32
20240304,23,1,142.68,9.28,18.86,1.31
20240304,2,2,33.26,1.19,8.41,1.74
20240304,28,3,80.6,2.27,3.54,0.61
20240305,10,1,119.8,1.71,15.34,1.75
20240305,19,1,61.39,5.38,6.83,0.9
20240305,2,1,0.96,0.01,1.35,1.11
20240305,27,2,50.59,4.38,18.3,1.83
20240305,28,1,10.53,0.24,9.62,2.35
20240306,6,3,113.28,4.58,11.21,0.07
20240306,18,2,29.2,0.99,14.08,2.73
20240306,13,1,3.5,0.04,10.74,1.22
20240306,16,2,48.56,0.18,9.12,1.43
20240306,11,1,30.25,0.79,8.83,0.88
20240307,5,2,53.75,2.62,9.18,1.18
20240307,2,2,52.36,0.42,4.93,0.68
20240307,1,2,103.97,4.82,17.29,2.5
20240307,30,2,112.02,2.6,14.42,1.71
20240307,15,2,100.97,4.51,18.13,1.28
20240308,6,3,74.04,5.73,10.16,2.16
20240308,1,2,8.55,0.53,18.39,0.09
20240308,27,3,89.74,3.13,2.62,2.83
20240308,9,3,139.78,1.21,13.55,1.29
20240308,12,1,92.46,1.3,13.7,0.37
20240311,7,3,1.61,0.11,9.24,1.41
20240311,13,3,32.81,0.65,5.5,1.02
20240311,5,3,8.07,0.5,9.81,1.16
20240311,9,3,143.0,9.66,8.32,2.54
20240311,22,1,39.63,0.36,7.02,2.91
20240312,7,3,146.01,4.58,6.7,0.21
20240312,23,1,126.39,0.85,15.55,0.07
20240312,27,2,142.37,3.28,8.94,0.96
20240312,20,3,35.32,3.29,13.2,0.93
20240312,15,2,62.35,0.72,7.5,2.2
20240313,19,3,131.09,0.13,10.87,0.22
20240313,22,1,53.47,0.75,4.19,0.06
20240313,25,2,63.47,2.62,10.93,2.1
20240313,16,1,92.08,3.58,19.96,0.87
20240313,7,1,36.52,0.73,5.31,0.37
20240314,26,2,59.99,5.91,2.64,1.41
20240314,15,2,28.59,1.05,5.48,1.23
20240314,27,1,40.51,1.25,4.13,2.37
20240314,21,2,71.98,5.99,11.18,0.04
20240314,10,2,113.04,0.65,12.58,2.05
20240315,11,1,0.14,0.01,9.62,2.49
20240315,6,2,46.83,3.5,10.47,2.15
20240315,29,1,42.93,1.52,11.41,0.13
20240315,12,1,149.13,11.74,10.86,2.95
20240315,3,2,4.88,0.13,18.62,2.64
20240318,13,1,13.66,0.72,2.02,1.11
20240318,7,2,112.87,7.61,3.62,2.36
20240318,18,3,3.29,0.27,7.21,2.68
20240318,14,3,79.92,1.54,11.6,1.98
20240318,3,2,12.83,1.23,3.67,1.63
20240319,26,2,58.36,0.17,7.83,1.74
20240319,4,1,25.2,1.84,15.64,0.59
20240319,20,2,72.13,5.08,17.88,1.03
20240319,9,3,90.91,1.72,8.13,2.1
20240319,15,1,91.24,0.75,18.17,1.66
20240320,8,1,69.43,2.64,15.58,1.94
20240320,4,2,76.88,5.56,11.81,2.66
20240320,18,2,105.29,4.9,12.33,2.51
20240320,21,2,57.45,2.99,1.62,2.83
20240320,19,2,110.84,6.63,19.81,1.31
20240321,5,1,147.92,9.47,6.78,1.43
20240321,4,2,112.32,11.23,18.51,1.56
20240321,30,1,7.71,0.72,13.35,1.52
20240321,13,1,99.22,7.98,18.54,0.37
20240321,28,1,23.54,1.91,1.96,1.6
20240322,11,3,78.48,5.46,5.24,0.4
20240322,19,1,108.95,4.88,19.11,1.99
20240322,27,3,27.03,1.07,16.7,1.31
20240322,21,3,68.38,2.72,7.96,0.01
20240322,16,3,12.08,0.81,14.86,1.85
20240325,28,3,106.28,0.65,16.13,2.73
20240325,13,3,9.01,0.34,11.89,0.71
20240325,4,1,36.76,2.7,9.19,2.08
20240325,20,1,59.97,2.04,5.86,2.86
20240325,23,1,12.29,0.69,14.91,0.64
20240326,3,3,21.26,0.99,4.38,1.18
20240326,25,1,73.28,4.9,12.9,1.86
20240326,6,1,149.72,8.51,13.54,0.73
20240326,1,2,136.07,0.21,14.53,1.62
20240326,28,1,48.03,2.1,4.52,2.35
20240327,13,1,38.67,2.25,12.27,2.62
20240327,25,2,146.66,14.25,16.57,1.77
20240327,26,2,41.58,2.75,9.04,0.63
20240327,28,3,93.62,1.63,11.03,3.0
20240327,14,1,27.78,0.62,9.98,1.9
20240328,27,2,3.2,0.26,19.7,2.34
20240328,25,1,10.7,0.07,13.72,2.07
20240328,22,1,58.43,0.94,12.19,0.61
20240328,24,1,82.2,2.11,19.95,0.84
20240328,28,3,134.86,12.54,7.67,0.24
20240329,26,1,115.93,7.9,11.66,1.32
20240329,22,2,3.16,0.25,17.92,1.37
20240329,29,1,33.7,0.45,13.96,0.66
20240329,11,3,111.45,0.18,1.31,0.71
20240329,6,1,46.36,1.82,6.54,0.68
20240401,1,1,33.23,2.97,11.65,2.52
20240401,23,1,103.83,8.44,9.05,0.12
20240401,3,3,1.96,0.03,11.03,1.52
20240401,11,3,117.94,7.22,13.09,0.9
20240401,22,3,130.32,0.81,17.6,2.03
20240402,25,3,88.89,5.8,17.71,0.85
20240402,2,3,110.61,4.22,16.19,1.15
20240402,13,2,9.69,0.11,18.3,2.52
20240402,15,2,20.81,0.86,4.42,0.91
20240402,30,1,147.23,7.94,18.45,1.32
20240403,5,3,29.77,1.24,11.44,2.07
20240403,16,3,8.3,0.37,16.68,0.9
20240403,25,1,15.33,1.38,1.31,2.27
20240403,29,3,101.93,2.08,8.55,2.76
20240403,11,3,20.22,1.77,15.87,2.16
20240404,19,3,45.21,3.07,18.51,0.99
20240404,25,2,75.38,7.25,5.26,1.08
20240404,24,1,59.4,1.88,8.38,2.64
20240404,12,3,135.19,11.48,13.88,1.62
20240404,8,1,56.14,3.65,18.64,2.4
20240405,13,2,94.04,8.83,18.7,2.48
20240405,4,2,16.35,1.54,2.85,1.69
20240405,1,3,51.23,0.24,16.27,1.67
20240405,27,2,25.44,0.69,8.95,1.35
20240405,29,2,135.45,4.75,3.47,0.03
20240408,19,2,125.44,0.98,17.01,2.19
20240408,8,1,86.87,2.26,5.78,1.39
20240408,30,2,22.38,0.73,12.18,1.87
20240408,25,3,106.19,6.53,17.76,2.26
20240408,24,2,148.73,1.33,11.12,1.27
20240409,27,3,16.52,0.65,16.07,0.55
20240409,12,3,99.25,5.08,18.12,2.01
20240409,13,3,72.52,6.01,12.62,0.32
20240409,7,2,18.96,1.45,14.14,1.07
20240409,30,3,82.62,7.24,10.54,2.04
20240410,17,2,28.89,1.91,14.59,1.99
20240410,6,1,52.4,0.21,13.41,2.33
20240410,28,3,113.11,9.59,12.85,0.87
20240410,7,3,62.17,4.32,1.86,1.43
20240410,4,1,132.78,3.14,8.17,1.97
20240411,19,3,49.37,0.18,9.27,1.15
20240411,15,1,17.67,0.27,3.3,2.78
20240411,29,3,99.35,8.17,14.64,2.02
20240411,22,3,12.96,0.84,8.45,2.81
20240411,17,3,76.2,2.05,17.87,0.48
20240412,8,2,45.68,1.42,2.3,1.38
20240412,29,3,113.74,3.6,12.28,1.1
20240412,30,3,68.75,0.46,19.27,0.25
20240412,28,1,44.18,4.19,13.23,0.93
20240412,17,3,10.67,0.99,8.34,0.36
20240415,11,3,132.19,2.89,18.37,0.69
20240415,28,1,125.7,6.62,14.29,2.41
20240415,3,1,45.26,2.64,18.38,1.18
20240415,22,1,1.68,0.01,10.25,1.3
20240415,21,2,140.99,7.23,17.66,0.21
20240416,29,3,125.84,3.62,19.96,0.15
20240416,10,3,114.69,8.53,14.57,2.87
20240416,24,2,15.45,1.24,10.55,0.51
20240416,30,2,117.22,1.64,5.97,0.48
20240416,2,3,93.16,0.7,17.05,2.82
20240417,14,3,71.35,4.79,10.97,0.74
20240417,26,1,47.34,2.85,10.41,2.1
20240417,25,2,93.28,7.03,19.51,0.62
20240417,10,2,52.75,3.05,4.77,0.77
20240417,28,3,28.05,2.73,11.42,0.27
20240418,16,2,111.81,8.57,9.22,2.66
20240418,4,3,100.18,1.36,12.47,2.45
20240418,13,2,96.99,4.42,10.86,1.42
20240418,19,2,70.32,4.01,7.77,1.9
20240418,9,1,13.95,1.04,8.95,1.27
20240419,21,3,65.08,0.08,3.8,0.86
20240419,14,3,88.52,8.28,9.84,2.85
20240419,5,2,20.27,0.72,13.67,1.17
20240419,4,3,87.64,6.76,10.49,0.2
20240419,7,3,42.78,2.53,5.74,0.61
20240422,8,1,92.55,7.56,9.2,0.09
20240422,13,1,46.78,1.27,3.15,2.86
20240422,25,3,86.68,5.95,10.42,2.48
20240422,29,3,38.78,2.44,7.24,1.09
20240422,28,3,92.56,0.73,1.73,1.84
20240423,28,3,42.22,3.5,3.71,1.14
20240423,15,1,48.84,4.36,19.31,0.41
20240423,27,3,33.15,0.58,19.89,1.22
20240423,10,3,72.85,5.07,2.12,2.36
20240423,3,1,17.88,0.77,7.41,2.86
20240424,22,2,92.7,4.34,16.41,1.72
20240424,8,1,95.89,5.85,7.56,0.49
20240424,5,2,106.41,6.32,2.9,2.4
20240424,14,2,47.11,1.24,10.34,0.17
20240424,3,2,138.96,11.7,11.62,1.45
20240425,8,1,121.61,5.08,3.46,2.45
20240425,26,3,61.27,1.51,18.48,2.57
20240425,23,1,115.73,5.24,3.79,1.63
20240425,1,1,66.49,6.16,4.03,2.38
20240425,21,3,26.44,2.0,15.78,0.73
20240426,1,3,68.36,1.18,19.15,0.9
20240426,24,2,73.93,5.43,11.24,2.55
20240426,19,3,108.39,9.16,19.26,2.67
20240426,13,2,129.59,1.97,1.2,0.65
20240426,25,3,13.75,1.37,10.22,0.34
20240429,15,1,101.67,5.45,19.55,2.3
20240429,25,1,71.73,4.88,9.94,0.81
20240429,10,2,52.4,4.09,6.18,2.08
20240429,22,2,124.9,9.04,11.37,2.48
20240429,29,3,95.74,2.05,9.12,0.89
20240430,2,2,82.49,4.58,18.25,1.02
20240430,12,3,40.56,1.96,13.0,2.82
20240430,20,1,80.64,2.39,8.15,1.63
20240430,29,3,86.09,1.24,17.01,1.57
20240430,21,3,136.31,1.19,19.84,0.11
20240501,6,1,84.82,0.48,4.85,1.71
20240501,5,2,68.62,6.77,13.01,2.38
20240501,30,1,31.66,1.4,11.31,1.07
20240501,27,3,127.51,4.35,12.04,2.02
20240501,18,2,73.22,6.33,2.79,1.51
20240502,26,3,103.52,8.98,14.83,1.84
20240502,29,3,74.95,5.33,13.76,1.36
20240502,5,3,78.15,6.71,5.74,0.73
20240502,25,2,56.89,2.95,13.75,2.64
20240502,8,1,135.79,2.25,9.48,2.98
20240503,30,2,74.87,3.64,1.63,2.44
20240503,22,1,86.85,4.39,18.25,1.35
20240503,29,2,5.85,0.08,9.22,0.27
20240503,21,1,108.02,2.8,9.03,0.69
20240503,19,3,36.67,2.73,2.67,2.81
20240506,27,1,38.39,2.25,17.31,0.27
20240506,10,1,95.98,5.15,13.41,1.24
20240506,13,2,28.39,1.88,5.94,0.36
20240506,3,3,98.22,8.58,16.48,2.87
20240506,5,3,62.3,4.55,7.06,0.31
20240507,18,1,0.94,0.06,2.75,1.89
20240507,11,3,24.96,1.67,15.1,1.64
20240507,23,3,140.42,0.98,6.9,1.83
20240507,17,1,142.92,7.85,16.44,0.89
20240507,2,1,48.68,3.5,10.02,0.67
20240508,25,2,70.63,3.41,4.58,0.14
20240508,20,2,104.65,5.78,17.17,1.26
20240508,17,1,102.46,8.54,6.48,0.02
20240508,2,2,33.94,0.0,7.22,1.52
20240508,14,2,39.12,0.03,12.43,2.91
20240509,12,3,70.87,4.48,11.76,0.39
20240509,22,1,86.75,1.97,13.86,2.24
20240509,6,2,72.1,3.89,6.17,0.22
20240509,4,2,28.44,1.29,5.62,1.98
20240509,15,2,108.9,6.86,14.39,1.34
20240510,21,3,140.41,4.21,16.19,2.62
20240510,9,2,136.6,8.0,16.63,1.1
20240510,1,2,85.78,0.2,19.25,0.44
20240510,4,1,82.5,2.07,10.02,1.08
20240510,17,1,131.77,10.1,7.59,0.52
20240513,22,3,8.88,0.86,19.78,1.55
20240513,10,1,120.92,10.16,13.0,0.72
20240513,25,1,9.02,0.26,17.83,1.93
20240513,15,1,56.98,3.37,15.14,2.63
20240513,4,1,109.15,3.44,9.73,2.32
20240514,15,1,121.97,5.56,1.17,1.23
20240514,11,2,124.15,10.56,2.33,1.73
20240514,25,1,1.7,0.11,8.58,2.07
20240514,28,2,75.35,7.18,3.38,2.53
20240514,5,2,131.9,13.09,18.62,1.31
20240515,18,2,51.1,3.05,15.34,1.31
20240515,28,2,24.32,0.35,10.36,1.66
20240515,19,3,108.72,8.58,5.86,0.34
20240515,4,2,128.3,4.88,16.34,2.02
20240515,8,3,5.53,0.22,15.48,0.17
20240516,28,3,63.88,4.33,2.67,2.23
20240516,20,2,10.9,0.13,18.48,0.16
20240516,10,3,100.98,5.84,3.88,1.98
20240516,14,1,64.38,1.29,3.76,1.56
20240516,3,3,99.23,6.02,12.42,1.53
20240517,26,2,72.87,5.45,1.8,1.69
20240517,27,2,136.24,7.33,18.55,1.16
20240517,3,2,10.13,0.44,4.99,2.45
20240517,7,2,148.91,3.61,12.86,2.16
20240517,25,1,72.15,4.48,12.31,0.89
20240520,18,2,122.81,4.21,5.17,1.65
20240520,8,3,28.8,2.38,15.47,2.62
20240520,20,1,135.74,3.98,19.68,2.5
20240520,15,1,52.57,0.44,13.08,2.03
20240520,22,3,83.46,5.92,17.67,0.16
20240521,6,3,9.66,0.36,6.81,0.59
20240521,24,2,51.65,2.32,8.51,2.33
20240521,27,3,37.09,3.19,1.34,0.26
20240521,10,1,74.52,7.36,15.94,0.82
20240521,17,3,137.36,6.71,8.01,0.91
20240522,27,1,69.64,6.16,1.99,2.89
20240522,15,1,38.24,1.44,7.75,0.94
20240522,20,3,94.62,1.94,10.02,2.93
20240522,6,3,10.71,0.22,3.25,1.39
20240522,28,3,68.37,0.76,6.95,1.58
20240523,4,3,149.52,5.91,5.12,0.49
20240523,15,1,82.66,0.85,12.03,0.83
20240523,2,1,120.45,8.55,5.92,1.03
20240523,7,1,95.33,7.74,9.82,0.83
20240523,26,3,129.87,4.49,4.85,1.86
20240524,21,3,19.94,0.07,6.36,2.92
20240524,18,1,149.4,9.14,4.78,1.45
20240524,15,1,55.08,3.15,17.64,1.8
20240524,19,3,61.57,4.11,1.16,1.25
20240524,23,1,128.3,1.1,7.56,1.58
20240527,13,1,35.68,1.3,11.5,2.4
20240527,12,3,101.63,6.85,14.02,2.25
20240527,4,2,59.98,0.18,9.04,2.05
20240527,3,2,72.01,5.74,13.15,0.56
20240527,30,2,2.66,0.14,6.19,2.16
20240528,7,3,63.76,1.57,12.57,2.69
20240528,18,2,79.44,6.18,17.23,1.27
20240528,2,3,142.58,0.19,13.91,2.18
20240528,30,2,99.38,4.5,16.74,0.19
20240528,1,1,121.63,2.41,1.13,1.98
20240529,20,1,62.85,0.26,6.13,1.44
20240529,29,1,49.0,1.62,17.9,0.1
20240529,4,3,31.16,1.58,17.65,1.45
20240529,14,1,134.96,0.13,13.55,1.05
20240529,11,2,141.16,5.15,13.4,0.33
20240530,18,1,97.87,9.11,12.2,2.3
20240530,15,1,33.73,1.2,13.61,2.64
20240530,17,1,96.94,2.5,4.25,2.32
20240530,19,1,96.74,0.81,4.29,0.91
20240530,1,1,21.16,1.09,13.09,0.61
20240531,23,1,35.83,0.5,10.34,1.27
20240531,1,3,2.2,0.06,13.34,2.09
20240531,7,3,39.55,1.96,13.43,0.69
20240531,13,3,94.93,4.87,3.3,0.09
20240531,21,3,66.73,4.27,11.57,2.42
20240603,27,2,79.15,2.69,19.76,0.59
20240603,18,3,97.6,7.12,7.66,2.33
20240603,16,3,44.58,2.03,15.84,2.04
20240603,14,3,113.98,7.79,4.78,2.22
20240603,13,2,130.13,2.66,5.04,2.12
20240604,11,1,143.57,13.34,2.85,2.83
20240604,1,1,59.26,4.74,14.82,2.32
20240604,14,3,113.19,9.5,19.63,1.06
20240604,2,2,93.78,2.2,16.43,0.5
20240604,8,1,1.92,0.05,13.35,2.42
20240605,26,1,27.98,0.36,17.89,1.83
20240605,28,2,20.24,1.05,1.49,0.55
20240605,1,2,111.75,0.18,14.6,0.99
20240605,6,1,0.55,0.01,5.5,1.89
20240605,15,3,39.67,0.04,15.79,1.73
20240606,12,3,85.24,3.05,8.22,2.69
20240606,14,2,90.95,6.13,10.95,0.27
20240606,15,2,9.61,0.84,1.72,0.48
20240606,28,3,21.76,1.22,6.67,2.16
20240606,27,1,31.8,0.93,4.87,0.38
20240607,25,1,96.98,2.81,18.46,1.86
20240607,8,2,0.22,0.0,3.45,0.6
20240607,29,1,87.2,7.59,10.32,0.55
20240607,27,1,3.59,0.16,3.91,0.06
20240607,2,3,25.83,0.92,12.29,0.25
20240610,14,3,118.21,3.14,11.01,0.84
20240610,1,1,74.02,1.82,7.66,2.93
20240610,23,3,62.96,5.94,8.86,0.04
20240610,6,3,88.0,8.44,8.26,0.69
20240610,8,3,27.97,0.38,13.48,1.82
20240611,29,3,82.25,1.9,11.98,0.82
20240611,13,1,34.65,1.73,15.74,1.85
20240611,16,2,9.39,0.29,2.33,0.89
20240611,25,1,35.19,1.86,9.96,1.68
20240611,9,1,145.08,5.34,14.5,0.61
20240612,30,2,133.15,10.02,11.18,0.85
20240612,15,3,104.7,5.58,15.76,2.65
20240612,4,2,61.74,1.37,1.15,1.98
20240612,17,2,22.29,0.34,1.97,2.47
20240612,19,3,13.6,0.36,11.53,2.55
20240613,12,2,52.79,4.52,5.97,2.75
20240613,23,1,28.24,2.36,18.7,1.55
20240613,3,1,35.85,1.32,1.78,2.0
20240613,28,3,82.13,2.3,16.01,2.0
20240613,29,2,92.65,0.08,14.94,0.21
20240614,19,2,82.77,1.88,12.93,0.61
20240614,18,3,145.67,12.54,3.71,2.06
20240614,23,2,115.59,11.05,7.34,1.23
20240614,2,2,99.83,6.56,3.44,2.43
20240614,29,1,50.7,1.75,2.6,1.44
20240617,15,2,139.22,9.5,9.88,2.67
20240617,9,3,89.82,8.3,18.48,1.13
20240617,23,2,33.56,0.76,2.07,2.12
20240617,18,2,141.64,7.06,13.94,1.27
20240617,10,3,73.39,0.03,15.07,2.05
20240618,13,2,137.52,0.75,14.79,2.74
20240618,1,1,16.14,0.69,6.63,0.16
20240618,5,1,116.48,1.69,7.78,2.26
20240618,21,2,84.47,6.81,18.16,2.81
20240618,17,1,116.03,6.21,17.03,0.3
20240619,17,2,58.11,5.46,7.25,0.22
20240619,10,1,27.04,2.69,4.32,0.43
20240619,18,2,148.69,0.88,15.55,0.25
20240619,21,3,27.18,1.99,10.01,0.48
20240619,20,3,46.93,0.68,2.47,1.24
20240620,15,3,87.08,4.21,9.17,1.36
20240620,17,3,55.63,1.62,17.89,1.19
20240620,28,2,83.55,6.88,13.54,1.05
20240620,5,3,108.57,10.05,17.96,2.73
20240620,7,3,93.06,4.48,3.49,2.15
20240621,29,1,139.19,2.77,10.09,1.61
20240621,4,2,39.26,1.75,14.46,2.3
20240621,17,2,108.2,1.78,8.32,1.56
20240621,24,1,62.54,2.11,13.49,1.85
20240621,15,2,46.28,2.24,8.44,0.14
20240624,21,1,142.41,10.15,10.15,1.89
20240624,27,3,148.19,4.77,12.73,0.54
20240624,6,2,13.37,0.33,15.83,0.84
20240624,22,3,138.11,1.5,3.45,2.03
20240624,18,1,42.83,2.93,6.12,0.25
20240625,12,2,143.63,4.91,15.8,2.41
20240625,17,2,32.87,0.72,18.74,1.04
20240625,5,1,79.08,5.75,18.99,1.81
20240625,11,3,19.04,0.07,2.31,0.58
20240625,28,3,116.39,4.19,6.76,3.0
20240626,25,3,28.16,1.63,3.89,0.74
20240626,26,1,66.38,2.78,9.48,1.94
20240626,22,3,11.15,0.67,10.09,0.87
20240626,5,1,59.35,3.64,10.36,2.51
20240626,23,1,35.18,3.06,6.94,0.55
20240627,10,3,147.08,2.23,14.1,0.24
20240627,3,3,15.79,0.09,7.94,0.86
20240627,15,3,59.01,3.67,2.8,2.26
20240627,21,1,72.21,6.07,11.7,1.61
20240627,19,1,23.46,1.82,13.22,1.72
20240628,7,1,113.61,6.91,15.34,2.49
20240628,3,1,70.83,3.7,8.91,0.55
20240628,12,3,145.81,10.14,2.72,1.22
20240628,6,2,83.31,7.94,6.18,2.01
20240628,4,3,99.67,6.45,6.4,0.97
20240701,19,2,139.59,2.23,7.65,1.16
20240701,13,3,98.96,4.83,6.88,0.51
20240701,1,3,120.51,6.37,19.22,1.41
20240701,25,1,121.56,0.9,14.21,2.75
20240701,24,2,35.01,2.7,4.63,0.35
20240702,8,3,139.7,10.41,9.3,2.37
20240702,4,2,46.44,4.1,11.04,2.78
20240702,3,3,111.83,6.34,1.37,2.55
20240702,23,2,91.06,0.81,5.54,2.19
20240702,5,1,124.31,7.31,3.2,0.21
20240703,17,3,69.42,3.05,15.83,0.77
20240703,11,1,89.63,6.81,14.34,0.96
20240703,23,2,63.85,4.57,2.65,2.89
20240703,1,2,87.88,1.35,1.42,1.03
20240703,6,1,83.69,1.8,19.79,0.84
20240704,27,2,16.03,0.49,6.64,2.88
20240704,18,1,147.69,7.78,11.37,0.39
20240704,17,3,97.32,6.99,15.74,1.05
20240704,28,1,58.86,2.71,5.66,2.3
20240704,22,2,114.63,5.68,12.74,1.54
20240705,2,3,104.04,9.5,1.2,0.65
20240705,10,1,47.26,2.82,15.01,2.3
20240705,28,1,69.23,2.79,5.85,2.01
20240705,25,3,64.35,3.01,17.37,1.3
20240705,7,1,72.18,5.66,19.89,0.68
20240708,5,1,8.0,0.5,3.21,1.81
20240708,26,3,90.26,1.06,8.25,1.05
20240708,4,1,86.09,7.78,19.56,2.52
20240708,2,2,69.42,1.34,10.9,1.92
20240708,20,3,57.75,5.61,18.18,1.81
20240709,21,2,5.33,0.48,10.88,0.47
20240709,14,1,102.52,2.15,12.99,0.5
20240709,4,1,56.1,2.57,7.19,1.49
20240709,1,1,69.76,0.26,12.63,2.26
20240709,20,2,4.22,0.03,11.33,2.74
20240710,27,2,92.51,3.33,15.64,2.37
20240710,18,2,60.93,5.74,15.64,1.4
20240710,15,3,70.73,1.34,1.19,1.88
20240710,5,3,31.64,1.57,1.03,0.12
20240710,2,3,63.77,0.83,7.36,1.52
20240711,18,3,141.3,8.28,15.84,0.73
20240711,13,2,128.24,8.19,9.2,0.2
20240711,12,3,127.36,6.29,7.8,0.01
20240711,15,3,11.53,0.83,6.68,0.17
20240711,10,1,131.25,7.1,2.68,2.55
20240712,3,2,104.04,2.18,13.74,0.91
20240712,12,3,48.12,4.29,6.57,0.55
20240712,30,2,59.65,1.64,18.41,0.19
20240712,1,3,66.22,3.45,5.15,2.88
20240712,25,2,58.5,0.57,10.91,2.93
20240715,6,3,76.72,0.9,14.31,1.79
20240715,25,3,100.05,2.31,16.51,0.45
20240715,12,3,108.92,8.28,12.27,2.27
20240715,16,2,7.76,0.59,4.49,1.72
20240715,22,3,3.2,0.24,13.93,2.13
20240716,3,2,109.02,6.11,10.68,2.12
20240716,20,3,109.16,2.57,4.54,2.45
20240716,30,2,133.46,4.83,14.52,2.48
20240716,8,2,97.38,3.07,7.74,0.23
20240716,19,1,83.54,6.34,7.34,1.75
20240717,23,3,75.19,0.77,1.94,0.46
20240717,8,2,82.88,2.87,2.87,0.13
20240717,28,3,68.57,2.31,1.62,0.61
20240717,24,3,122.67,4.32,18.04,0.07
20240717,29,2,43.06,3.68,16.1,1.53
20240718,5,1,27.49,0.93,7.16,1.57
20240718,9,2,132.02,10.91,18.12,0.63
20240718,25,1,90.83,2.43,13.16,1.2
20240718,7,3,53.84,0.24,19.68,1.18
20240718,26,2,118.86,6.98,3.08,2.28
20240719,25,3,122.77,11.63,16.25,1.22
20240719,27,1,69.74,1.13,1.28,0.18
20240719,8,2,105.34,6.51,16.61,1.51
20240719,11,1,71.13,2.77,18.07,0.14
20240719,7,2,134.15,2.46,18.43,2.93
20240722,15,1,18.44,0.55,11.38,1.6
20240722,10,1,53.6,3.08,11.31,0.85
20240722,23,1,85.38,0.52,19.29,1.03
20240722,18,2,139.34,6.37,3.9,2.6
20240722,26,1,146.43,14.42,1.42,0.47
20240723,26,1,139.65,4.83,1.8,2.35
20240723,1,3,34.92,2.4,5.8,2.38
20240723,8,1,62.63,6.09,16.91,2.05
20240723,15,3,110.14,7.32,16.58,1.25
20240723,25,1,93.66,6.75,4.76,0.21
20240724,18,2,10.64,0.14,17.78,2.99
20240724,13,3,10.44,0.77,8.61,0.78
20240724,12,1,84.58,6.48,4.91,2.9
20240724,17,1,131.1,0.29,16.24,2.8
20240724,30,1,52.95,3.62,17.34,0.24
20240725,26,3,106.83,6.03,1.4,2.89
20240725,3,2,95.97,0.3,17.36,1.2
20240725,15,1,48.37,4.06,1.84,2.81
20240725,16,2,49.96,0.39,14.03,2.41
20240725,20,3,89.01,8.7,18.64,0.6
20240726,19,1,105.1,6.74,10.21,1.39
20240726,26,3,112.89,0.21,9.23,2.18
20240726,27,2,92.5,8.29,3.43,0.62
20240726,8,3,36.95,0.26,2.81,2.19
20240726,14,2,88.89,7.67,3.65,2.45
20240729,17,1,16.49,1.57,13.99,2.05
20240729,23,2,51.58,2.04,18.91,0.25
20240729,20,2,2.18,0.06,16.68,2.01
20240729,18,3,71.24,2.3,3.32,2.14
20240729,15,1,146.22,9.15,13.09,0.73
20240730,8,3,15.18,1.12,7.7,0.95
20240730,20,2,137.69,0.33,3.56,1.73
20240730,23,2,119.82,8.84,10.4,1.0
20240730,29,3,122.85,0.73,3.98,0.18
20240730,4,3,28.5,1.81,13.65,0.66
20240731,1,3,27.85,0.4,7.1,2.36
20240731,5,3,42.38,3.35,11.56,0.62
20240731,2,3,70.26,2.23,16.56,2.79
20240731,26,1,126.02,11.43,3.75,1.13
20240731,14,1,31.47,0.49,3.26,1.24
20240801,1,3,19.23,1.53,7.06,0.73
20240801,25,3,113.38,6.65,8.45,0.52
20240801,11,2,27.01,2.13,19.89,0.87
20240801,26,3,74.73,3.67,10.02,0.66
20240801,2,2,56.68,0.41,7.83,0.41
20240802,29,2,85.45,0.88,17.75,2.28
20240802,9,2,122.64,9.63,6.79,1.99
20240802,5,3,2.29,0.07,17.05,0.15
20240802,28,2,45.16,3.9,11.0,2.49
20240802,4,3,22.02,0.12,12.68,1.57
20240805,26,3,16.2,0.86,17.19,2.62
20240805,14,1,65.75,4.03,15.47,1.82
20240805,13,1,2.01,0.02,1.75,2.62
20240805,3,1,17.23,0.64,18.11,1.39
20240805,30,2,27.84,2.74,8.81,1.1
20240806,26,3,42.04,4.08,7.75,2.85
20240806,30,2,65.17,2.11,9.67,2.99
20240806,6,3,86.61,6.91,16.07,1.87
20240806,21,3,80.3,3.74,18.94,2.83
20240806,9,3,134.34,1.58,6.84,0.96
20240807,23,2,21.76,0.25,1.02,0.58
20240807,17,2,111.5,8.9,1.23,0.32
20240807,1,2,27.99,0.68,5.64,2.29
20240807,16,1,113.79,1.52,18.2,0.79
20240807,24,1,73.12,1.55,11.88,0.66
20240808,10,1,103.43,3.14,9.19,1.82
20240808,7,1,107.35,1.18,6.12,0.15
20240808,1,1,32.76,0.76,2.85,1.71
20240808,29,2,110.91,10.06,7.76,1.42
20240808,16,3,114.04,7.75,4.83,0.21
20240809,27,2,129.32,5.33,4.33,0.71
20240809,22,2,53.83,0.71,5.45,0.08
20240809,25,1,106.15,9.16,10.57,0.57
20240809,23,3,32.28,1.41,12.03,2.28
20240809,14,1,59.68,4.03,6.37,2.2
20240812,10,2,125.81,8.33,12.82,0.67
20240812,25,1,28.11,2.31,2.37,2.43
20240812,16,1,24.44,2.14,1.13,2.91
20240812,12,3,149.91,7.02,14.26,0.24
20240812,3,3,78.9,6.61,9.8,2.88
20240813,4,2,77.81,7.43,11.66,2.45
20240813,15,2,18.43,0.15,9.56,2.14
20240813,19,3,42.43,3.09,6.9,1.04
20240813,11,2,53.99,1.54,19.0,2.53
20240813,13,2,133.86,4.5,19.4,1.8
20240814,6,1,138.8,10.94,3.21,2.89
20240814,10,1,144.08,8.87,7.96,1.51
20240814,18,3,41.2,1.84,4.59,0.5
20240814,3,2,5.24,0.23,14.26,2.87
20240814,7,3,139.22,1.17,3.04,0.79
20240815,30,2,8.31,0.61,7.76,0.75
20240815,24,2,119.14,0.8,4.38,0.17
20240815,12,3,122.05,5.15,2.88,2.27
20240815,5,2,67.63,3.87,3.5,2.31
20240815,16,1,67.42,6.09,19.22,0.1
20240816,12,3,90.99,7.44,16.59,2.04
20240816,4,1,125.8,1.96,14.68,2.97
20240816,3,1,52.67,1.34,3.87,2.09
20240816,7,1,136.49,7.39,17.53,2.08
20240816,27,1,23.6,0.28,7.24,0.65
20240819,3,3,72.39,3.55,4.8,2.76
20240819,23,1,93.45,7.98,14.86,2.59
20240819,25,1,40.16,2.15,6.86,2.85
20240819,7,1,95.77,4.21,13.4,1.56
20240819,6,3,15.92,0.74,3.2,2.17
20240820,28,2,64.81,1.05,18.57,0.76
20240820,25,2,82.49,1.02,3.91,0.2
20240820,11,3,139.32,10.7,14.04,2.44
20240820,5,2,124.85,1.86,14.33,0.85
20240820,19,3,91.81,7.61,2.01,1.86
20240821,4,1,16.24,0.17,2.93,0.1
20240821,13,1,43.46,3.89,11.34,1.97
20240821,2,2,34.53,1.03,1.94,0.41
20240821,5,3,103.04,7.5,3.44,1.5
20240821,17,1,84.77,4.09,19.03,1.89
20240822,14,3,47.33,4.47,18.46,2.49
20240822,22,2,71.81,4.18,13.47,1.49
20240822,8,2,130.3,12.36,2.26,1.21
20240822,4,1,60.77,3.33,17.6,2.94
20240822,5,3,114.34,6.19,6.45,1.89
20240823,10,1,135.21,9.91,15.19,1.53
20240823,9,2,127.83,2.84,9.03,2.97
20240823,22,3,43.94,0.47,8.92,2.65
20240823,5,2,133.76,5.64,19.3,2.82
20240823,11,1,142.24,4.88,4.27,2.51
20240826,3,1,136.46,1.21,3.87,2.86
20240826,23,1,82.92,4.29,1.45,2.98
20240826,15,1,44.73,4.31,11.02,1.02
20240826,27,3,103.23,5.07,10.21,0.0
20240826,18,2,97.91,3.69,19.73,2.25
20240827,18,1,45.41,3.71,4.47,1.08
20240827,6,1,79.58,4.14,10.02,2.73
20240827,14,2,20.36,0.17,4.98,0.55
20240827,30,1,49.12,4.64,8.66,1.52
20240827,23,1,9.77,0.25,14.47,0.82
20240828,24,2,17.05,1.08,6.92,0.35
20240828,17,1,10.29,0.75,18.84,1.42
20240828,15,2,94.59,2.28,14.47,2.93
20240828,9,1,63.0,0.71,13.26,1.84
20240828,5,1,65.21,3.98,18.75,1.84
20240829,22,3,1.47,0.13,4.69,1.9
20240829,26,2,24.0,0.77,10.82,0.76
20240829,16,2,89.62,2.11,11.61,2.91
20240829,25,3,77.41,3.03,9.56,1.75
20240829,10,1,58.96,5.72,10.92,0.37
20240830,11,3,64.27,4.49,16.09,0.93
20240830,14,3,48.5,3.71,17.23,0.02
20240830,4,1,40.31,0.55,19.26,0.78
20240830,7,2,77.68,4.6,4.97,0.73
20240830,26,2,71.53,3.2,9.22,2.35
20240902,12,2,88.54,7.03,1.42,2.21
20240902,7,2,111.17,5.17,3.81,1.84
20240902,17,2,23.12,0.06,17.57,1.49
20240902,27,2,111.77,0.82,1.01,0.07
20240902,29,3,42.74,1.61,5.87,1.58
20240903,20,2,16.49,1.61,10.97,1.35
20240903,18,2,22.33,1.98,4.07,0.34
20240903,4,2,134.89,8.75,14.16,2.9
20240903,16,1,110.27,0.56,4.21,2.06
20240903,8,3,90.64,2.28,11.68,1.95
20240904,5,1,16.88,1.36,7.93,2.66
20240904,3,2,36.91,0.91,3.04,2.76
20240904,24,2,145.24,9.74,5.8,1.31
20240904,30,2,136.16,12.36,2.92,1.4
20240904,21,2,93.25,0.48,16.18,2.81
20240905,30,1,89.91,2.12,5.32,2.3
20240905,7,3,78.42,6.18,8.72,1.02
20240905,15,1,133.87,8.57,18.15,0.65
20240905,2,2,64.46,3.66,14.55,1.72
20240905,22,2,46.81,1.59,2.42,0.12
20240906,19,1,144.63,7.77,16.91,0.82
20240906,6,2,119.94,4.97,2.11,2.92
20240906,13,1,121.61,0.33,5.69,2.71
20240906,16,2,7.19,0.53,12.04,2.12
20240906,4,1,95.16,8.74,15.99,1.31
20240909,12,3,103.63,3.24,7.46,1.73
20240909,25,1,38.01,3.38,8.24,0.96
20240909,13,2,81.98,0.04,4.37,0.04
20240909,9,3,66.49,1.82,7.9,0.21
20240909,27,3,74.65,4.97,14.07,1.85
20240910,19,2,39.63,3.27,5.4,2.83
20240910,14,1,134.12,2.05,14.13,0.86
20240910,5,1,95.52,4.5,5.58,1.02
20240910,22,2,130.12,10.53,10.74,1.43
20240910,21,1,140.96,0.91,13.21,0.31
20240911,20,3,34.6,0.44,8.44,2.8
20240911,9,1,56.45,1.23,10.54,1.57
20240911,13,1,68.78,5.31,3.83,0.35
20240911,18,2,72.14,3.74,17.36,2.35
20240911,26,1,46.15,2.93,13.1,2.57
20240912,20,3,49.63,1.35,1.67,1.17
20240912,17,3,94.05,6.72,12.59,1.88
20240912,4,2,7.98,0.56,11.41,2.23
20240912,21,3,115.13,2.47,15.6,0.02
20240912,1,1,132.75,6.02,18.86,2.69
20240913,5,1,35.96,2.01,9.18,2.94
20240913,2,3,62.82,6.09,3.14,0.73
20240913,15,1,20.61,0.53,2.88,0.67
20240913,12,1,83.88,2.68,14.07,1.88
20240913,3,2,113.69,3.5,18.84,0.43
20240916,21,3,0.64,0.04,1.12,0.9
20240916,14,2,82.31,7.14,2.33,1.75
20240916,16,3,70.06,6.49,5.26,2.68
20240916,9,2,104.69,10.28,6.02,1.11
20240916,1,1,133.3,0.49,7.64,0.56
20240917,19,3,17.11,0.29,5.19,0.37
20240917,12,2,17.81,1.76,12.36,1.74
20240917,7,3,135.9,7.48,13.52,2.32
20240917,6,2,83.36,0.78,6.6,0.39
20240917,15,3,36.93,1.27,18.1,0.47
20240918,4,1,100.7,9.98,6.72,2.43
20240918,11,2,45.99,1.82,18.4,2.83
20240918,13,2,145.57,1.93,10.38,1.65
20240918,2,2,110.51,2.54,2.03,2.11
20240918,5,3,121.1,7.04,17.87,1.8
20240919,28,1,83.82,4.24,17.69,0.3
20240919,27,3,147.93,14.73,9.95,1.95
20240919,18,1,92.38,8.26,9.27,0.66
20240919,24,2,110.73,9.77,12.14,0.99
20240919,30,2,27.78,0.36,4.91,0.95
20240920,4,1,17.79,1.46,18.71,1.59
20240920,2,1,36.36,1.94,18.74,2.88
20240920,10,3,145.72,3.55,5.02,1.29
20240920,18,3,142.77,14.1,11.92,0.65
20240920,30,2,104.29,7.22,3.55,0.84
20240923,7,1,136.42,1.36,8.56,2.42
20240923,16,3,137.74,11.54,17.92,2.95
20240923,24,1,37.5,0.03,15.93,2.45
20240923,26,2,41.16,0.17,6.08,0.68
20240923,4,3,104.85,7.9,13.49,0.39
20240924,4,2,91.96,2.54,17.01,1.51
20240924,17,1,16.17,1.05,3.79,1.83
20240924,30,3,121.51,2.06,8.14,2.44
20240924,18,2,139.78,0.89,7.0,0.06
20240924,1,3,135.62,10.58,14.9,2.93
20240925,3,3,55.19,2.73,16.52,0.99
20240925,11,3,123.95,0.92,5.34,0.67
20240925,27,2,33.44,0.62,5.22,0.28
20240925,1,3,34.85,0.47,14.97,1.94
20240925,20,1,31.17,2.19,17.15,0.73
20240926,29,2,24.95,0.67,9.45,2.69
20240926,23,3,35.02,0.33,7.04,2.89
20240926,16,2,101.1,9.18,9.4,2.24
20240926,27,1,0.82,0.04,3.57,0.76
20240926,6,1,35.06,1.01,15.27,0.12
20240927,29,3,43.09,1.86,6.11,2.62
20240927,23,3,143.19,5.47,18.56,1.27
20240927,6,1,73.8,3.57,10.49,2.12
20240927,22,1,23.56,0.27,3.5,1.91
20240927,12,2,110.37,4.81,5.91,0.78
20240930,7,2,92.54,2.02,11.65,0.76
20240930,1,1,35.7,2.09,3.62,2.02
20240930,3,1,117.32,2.36,6.16,0.9
20240930,24,2,63.7,0.15,16.08,2.6
20240930,27,1,56.83,3.24,11.44,2.8
20241001,10,2,144.42,12.11,6.73,1.22
20241001,25,2,9.99,0.46,10.22,1.73
20241001,20,3,34.78,0.17,19.72,1.58
20241001,9,1,140.99,3.92,19.74,0.38
20241001,1,3,40.02,1.19,7.23,2.99
20241002,2,1,122.67,8.32,3.69,1.63
20241002,16,1,106.78,10.34,14.0,0.8
20241002,10,1,1.52,0.0,19.85,1.3
20241002,27,3,139.89,6.63,1.96,2.82
20241002,21,3,64.84,1.67,18.3,1.13
20241003,10,2,87.35,7.25,10.95,2.39
20241003,5,3,75.01,4.23,12.09,1.36
20241003,22,3,35.09,1.03,17.51,0.96
20241003,27,2,145.14,2.72,7.86,0.38
20241003,4,3,29.94,0.25,3.41,2.89
20241004,13,3,42.86,0.29,9.69,1.59
20241004,2,1,5.35,0.4,6.83,1.38
20241004,12,1,26.94,2.65,10.31,1.43
20241004,23,3,104.59,2.81,16.57,2.11
20241004,15,1,120.39,9.73,5.23,2.56
20241007,17,1,66.27,3.46,11.98,1.15
20241007,16,1,71.8,5.2,15.45,2.39
20241007,28,3,132.49,1.76,13.64,1.79
20241007,21,1,118.02,8.5,7.85,0.69
20241007,25,1,141.23,2.6,14.35,1.21
20241008,2,2,21.59,1.35,14.82,1.59
20241008,3,1,25.06,2.29,12.67,2.48
20241008,15,1,20.41,0.3,6.91,0.57
20241008,29,3,97.23,8.07,14.66,0.24
20241008,12,3,40.6,1.35,14.21,1.45
20241009,15,1,20.07,1.88,4.99,2.23
20241009,17,2,83.64,4.02,9.4,0.81
20241009,12,2,35.06,2.26,14.8,0.15
20241009,16,1,18.32,1.37,1.75,1.57
20241009,7,1,72.87,0.08,18.69,0.58
20241010,4,3,71.68,1.92,5.95,1.61
20241010,14,1,143.9,10.83,17.5,1.34
20241010,19,2,124.95,9.54,19.19,1.11
20241010,10,1,56.07,0.34,2.84,1.2
20241010,21,2,138.64,8.43,3.64,1.73
20241011,4,1,76.75,0.68,13.43,0.08
20241011,12,2,45.17,0.04,16.11,2.66
20241011,3,1,21.52,0.77,8.03,0.99
20241011,16,3,108.58,2.13,9.53,0.03
20241011,14,3,112.59,3.65,8.86,0.01
20241014,14,1,0.34,0.01,3.7,1.09
20241014,23,2,121.34,7.5,8.88,2.41
20241014,25,2,120.48,10.34,2.64,1.17
20241014,10,1,140.51,10.44,2.62,0.7
20241014,28,1,33.59,0.54,19.82,0.48
20241015,12,3,74.1,6.76,7.05,2.46
20241015,23,3,126.97,5.07,16.02,1.17
20241015,10,3,46.78,0.47,4.27,2.55
20241015,8,1,144.78,2.39,6.97,2.72
20241015,7,1,25.15,2.41,18.33,1.91
20241016,5,2,32.67,1.4,14.99,2.16
20241016,9,3,135.43,5.15,2.03,1.38
20241016,23,1,87.08,0.69,7.65,0.29
20241016,18,3,4.63,0.21,12.92,0.18
20241016,27,3,124.17,5.12,16.71,1.11
20241017,23,3,54.31,3.59,15.7,1.93
20241017,28,1,93.81,1.45,14.58,0.51
20241017,11,1,98.12,2.33,3.87,0.83
20241017,19,3,49.73,3.5,7.07,2.9
20241017,22,3,109.27,5.82,1.28,2.18
20241018,14,2,18.32,1.15,9.49,1.37
20241018,9,3,87.29,7.9,13.85,0.8
20241018,27,3,93.27,3.73,6.05,2.59
20241018,17,3,137.95,5.98,15.59,1.85
20241018,30,3,86.61,4.41,2.96,2.13
20241021,13,1,5.09,0.16,8.65,2.91
20241021,19,1,110.91,6.86,6.83,2.23
20241021,24,1,126.05,1.14,10.78,0.58
20241021,20,2,54.53,4.48,8.13,2.37
20241021,7,3,144.99,0.95,13.32,0.55
20241022,15,1,65.06,4.49,11.58,1.28
20241022,6,1,148.09,8.68,5.35,1.23
20241022,20,1,17.58,0.32,16.74,0.89
20241022,28,3,1.49,0.1,6.93,2.7
20241022,4,2,62.66,4.17,12.72,0.34
20241023,30,3,56.8,0.13,9.85,0.09
20241023,16,1,6.5,0.35,17.14,2.4
20241023,27,3,44.57,3.31,8.95,1.09
20241023,20,3,102.92,2.57,14.35,0.23
20241023,7,1,19.42,1.17,3.24,0.73
20241024,11,3,70.66,6.55,13.28,1.94
20241024,9,1,93.14,7.62,18.2,0.2
20241024,27,2,129.72,9.38,18.27,2.6
20241024,7,1,129.37,3.55,14.42,2.66
20241024,4,3,125.9,3.71,1.31,1.95
20241025,10,2,133.22,5.42,17.72,2.54
20241025,19,1,48.05,3.62,10.69,0.83
20241025,7,1,21.03,0.24,4.74,0.41
20241025,17,2,63.45,0.13,4.93,2.87
20241025,8,1,84.41,8.33,18.59,2.4
20241028,17,1,135.9,6.96,16.01,2.22
20241028,25,1,92.0,4.66,8.67,0.71
20241028,2,1,77.53,0.23,10.66,0.73
20241028,13,1,92.08,3.6,1.55,1.98
20241028,9,2,30.02,0.95,10.46,0.7
20241029,24,3,35.39,1.66,7.87,0.65
20241029,4,3,100.36,2.59,1.85,2.94
20241029,18,2,149.38,9.77,13.43,2.99
20241029,27,1,136.51,8.8,13.91,2.22
20241029,11,1,127.71,4.18,1.36,1.73
20241030,17,1,109.7,6.79,4.05,2.71
20241030,25,2,112.17,7.45,4.34,2.93
20241030,10,1,124.11,4.89,5.77,0.93
20241030,28,2,148.49,14.38,16.4,2.38
20241030,8,3,137.47,7.08,4.24,2.25
20241031,17,1,72.04,6.35,15.06,0.31
20241031,12,3,30.57,0.17,19.77,2.89
20241031,23,3,74.52,5.86,13.44,2.18
20241031,11,2,46.17,1.89,7.4,1.0
20241031,4,3,13.39,0.37,18.51,2.1
20241101,18,1,91.18,1.14,13.12,1.67
20241101,14,1,120.1,9.27,2.22,2.13
20241101,3,1,95.39,9.3,13.75,1.73
20241101,10,2,5.21,0.16,6.85,0.51
20241101,11,3,15.26,0.47,7.03,2.06
20241104,2,1,94.94,3.77,5.3,0.99
20241104,21,1,86.85,6.79,8.58,0.88
20241104,24,2,53.59,2.23,16.95,0.48
20241104,17,2,62.65,0.85,14.66,0.95
20241104,4,3,128.51,4.59,10.48,0.45
20241105,12,2,3.25,0.32,9.13,0.91
20241105,2,3,65.45,3.0,10.39,2.22
20241105,4,3,26.51,0.35,16.51,1.21
20241105,22,2,66.96,2.32,7.86,2.34
20241105,3,3,128.35,9.29,2.97,2.05
20241106,7,1,13.74,0.23,7.81,1.01
20241106,28,1,147.37,12.1,19.47,1.68
20241106,13,1,129.35,7.43,2.55,1.43
20241106,15,3,30.14,1.99,13.19,2.47
20241106,29,2,90.95,2.27,12.88,1.9
20241107,16,2,78.02,2.96,17.39,1.42
20241107,12,1,128.08,7.32,5.79,2.0
20241107,4,3,83.08,2.49,13.06,1.33
20241107,7,2,136.34,3.36,5.03,0.25
20241107,3,1,142.46,12.53,6.7,1.22
20241108,6,1,56.29,2.25,14.09,2.16
20241108,21,1,59.59,4.53,6.05,0.92
20241108,27,3,51.08,3.62,5.25,0.95
20241108,18,1,134.74,9.92,1.0,1.09
20241108,11,3,6.51,0.55,10.66,1.34
20241111,3,2,109.46,1.93,9.91,0.71
20241111,30,2,60.06,5.22,7.8,0.76
20241111,29,3,61.99,1.31,15.93,2.56
20241111,5,3,88.68,5.5,6.39,0.24
20241111,8,3,65.78,1.67,14.87,1.27
20241112,14,3,84.77,3.34,14.1,2.8
20241112,16,1,98.59,4.26,1.33,0.04
20241112,10,2,142.26,5.17,11.18,2.59
20241112,23,3,149.84,1.59,1.9,2.01
20241112,9,2,5.01,0.46,9.48,1.29
20241113,8,2,33.32,0.11,16.37,1.37
20241113,29,1,42.12,1.51,10.12,2.27
20241113,23,1,111.06,10.98,11.21,0.74
20241113,22,1,91.36,2.7,16.0,1.58
20241113,9,1,113.2,9.8,11.26,1.47
20241114,23,2,16.02,1.56,14.78,0.05
20241114,12,1,145.46,6.16,17.6,1.32
20241114,25,2,102.55,5.26,2.4,1.57
20241114,7,3,98.99,2.55,15.37,1.15
20241114,15,2,80.4,3.67,3.47,2.0
20241115,1,1,52.3,1.02,15.27,1.04
20241115,27,2,22.4,0.05,4.6,1.61
20241115,6,3,9.32,0.01,19.12,0.31
20241115,25,2,116.49,4.56,17.64,0.19
20241115,18,2,107.22,4.4,3.88,1.79
20241118,25,3,55.06,0.21,2.33,2.26
20241118,22,1,75.44,1.51,13.42,1.03
20241118,29,2,65.42,2.36,19.96,1.2
20241118,10,3,41.57,2.89,14.98,2.35
20241118,4,2,133.01,10.25,14.82,1.23
20241119,1,3,97.05,2.75,10.7,1.17
20241119,14,2,31.79,0.05,13.91,0.33
20241119,19,3,71.62,5.69,10.09,0.78
20241119,27,1,118.93,3.61,18.44,1.44
20241119,8,3,27.79,1.01,6.56,1.66
20241120,30,3,27.22,1.59,19.87,1.83
20241120,17,1,139.61,0.78,8.19,2.61
20241120,11,3,102.07,0.13,18.53,0.31
20241120,1,3,4.52,0.32,11.78,0.82
20241120,4,3,37.07,0.0,5.04,0.11
20241121,22,1,135.68,12.71,9.77,2.43
20241121,1,3,72.94,1.38,6.97,2.03
20241121,15,3,141.89,10.85,10.57,0.51
20241121,16,1,25.72,0.65,8.6,2.3
20241121,27,2,94.19,7.74,12.65,2.28
20241122,25,2,73.56,4.37,14.84,0.66
20241122,16,2,128.5,1.68,6.21,0.61
20241122,10,1,139.25,2.74,4.2,0.65
20241122,6,1,10.28,0.61,11.43,1.15
20241122,5,3,77.09,1.25,8.55,2.9
20241125,8,3,131.04,2.52,2.87,1.47
20241125,11,2,58.21,3.41,11.6,0.45
20241125,14,2,50.88,4.93,19.29,2.78
20241125,4,3,107.28,2.76,17.6,2.12
20241125,3,2,89.95,2.69,10.98,1.01
20241126,7,2,82.98,4.37,3.02,2.49
20241126,10,2,12.91,1.24,15.01,2.97
20241126,16,2,55.02,0.22,7.88,0.08
20241126,4,1,29.6,1.19,6.76,0.25
20241126,27,1,70.71,0.78,5.79,0.43
20241127,23,2,111.49,9.09,4.63,0.3
20241127,1,1,106.43,9.49,16.81,1.89
20241127,11,3,87.21,1.3,3.92,0.31
20241127,10,3,133.34,11.64,9.38,1.63
20241127,8,2,133.49,6.77,15.75,0.97
20241128,26,3,26.14,1.54,13.84,0.35
20241128,21,2,65.04,5.43,12.16,1.29
20241128,20,1,140.6,3.2,11.09,0.71
20241128,3,2,144.93,7.61,3.83,0.82
20241128,22,1,108.2,1.29,13.38,0.16
20241129,18,2,147.2,13.01,17.64,2.27
20241129,14,1,143.45,7.16,15.73,0.21
20241129,1,1,104.67,8.95,1.41,1.39
20241129,11,2,3.04,0.09,13.47,0.06
20241129,8,3,19.68,1.95,10.18,0.9
20241202,14,1,99.42,3.45,13.19,0.78
20241202,26,2,25.18,1.42,16.92,2.21
20241202,10,3,81.5,1.77,14.06,1.71
20241202,13,1,11.24,0.57,5.84,1.33
20241202,5,2,9.91,0.58,7.87,0.98
20241203,4,3,3.76,0.07,4.38,2.44
20241203,15,2,127.07,5.14,4.83,2.08
20241203,3,3,15.96,0.08,9.84,1.16
20241203,9,1,66.01,0.61,3.52,1.24
20241203,10,2,41.56,3.94,10.75,2.72
20241204,12,1,34.4,3.03,6.67,0.37
20241204,13,1,36.36,1.13,7.46,2.31
20241204,20,1,16.6,0.79,14.7,0.43
20241204,28,2,54.3,3.16,2.84,1.08
20241204,3,3,116.83,9.07,15.36,2.27
20241205,7,3,146.8,9.6,7.49,2.48
20241205,13,2,91.03,8.96,2.13,2.67
20241205,27,3,135.18,9.05,3.54,1.57
20241205,22,2,121.68,7.74,19.08,1.84
20241205,15,1,32.65,0.3,7.22,1.55
20241206,6,1,41.8,0.77,17.37,0.35
20241206,11,1,14.21,0.78,19.44,0.55
20241206,2,3,112.17,1.89,2.8,1.05
20241206,18,2,6.57,0.43,18.5,0.85
20241206,10,1,31.39,0.29,7.09,2.11
20241209,21,1,136.76,3.78,14.46,2.22
20241209,26,1,26.08,2.58,10.77,1.95
20241209,29,1,122.56,4.05,17.95,2.52
20241209,10,3,83.59,5.54,14.5,2.19
20241209,7,1,111.63,7.68,2.57,1.88
20241210,15,1,60.28,1.47,2.9,2.82
20241210,6,2,32.55,1.22,7.03,2.97
20241210,8,2,94.27,3.41,10.07,2.36
20241210,30,2,10.71,0.31,13.75,2.67
20241210,25,2,62.84,2.79,7.98,1.23
20241211,26,1,78.04,7.57,14.65,0.27
20241211,16,1,0.79,0.01,1.67,1.25
20241211,18,1,26.22,1.69,12.16,1.72
20241211,25,2,120.37,8.23,16.01,2.29
20241211,2,2,16.52,1.27,7.95,1.78
20241212,15,1,70.1,5.01,7.01,1.36
20241212,14,3,105.94,6.79,18.59,1.38
20241212,10,2,23.48,1.78,1.18,0.73
20241212,30,1,103.84,3.25,17.71,0.32
20241212,5,1,25.08,0.01,1.96,0.31
20241213,4,3,35.37,0.38,19.26,2.06
20241213,23,1,20.86,1.81,17.42,2.26
20241213,6,2,11.4,0.05,11.27,2.45
20241213,26,3,90.63,5.12,18.59,1.16
20241213,9,2,90.17,6.35,5.3,1.19
20241216,4,1,82.27,0.8,13.83,0.39
20241216,23,3,133.14,10.81,8.46,1.21
20241216,9,3,23.42,0.21,15.04,0.79
20241216,28,3,2.45,0.12,12.4,2.18
20241216,2,1,20.83,1.27,12.76,1.98
20241217,21,1,85.36,3.23,1.9,1.19
20241217,18,2,12.36,0.52,13.9,1.39
20241217,19,3,133.86,4.66,18.6,1.04
20241217,15,2,36.72,3.17,6.64,1.9
20241217,13,3,146.14,6.48,19.73,1.0
20241218,1,2,116.64,10.37,7.55,1.74
20241218,9,3,139.67,7.75,12.93,1.21
20241218,10,1,95.99,7.27,4.97,0.6
20241218,11,1,143.96,13.38,19.61,0.27
20241218,13,1,19.06,0.89,18.21,2.77
20241219,23,3,117.31,6.22,4.3,2.8
20241219,4,2,64.14,2.65,7.34,1.73
20241219,13,3,109.76,2.12,17.68,1.93
20241219,5,3,69.29,1.89,8.12,1.18
20241219,14,3,79.63,2.96,12.38,0.47
20241220,17,3,93.27,9.13,8.85,1.61
20241220,15,1,75.96,7.6,17.57,0.35
20241220,21,1,97.05,5.29,14.6,0.1
20241220,13,3,88.42,2.06,8.97,1.93
20241220,3,1,6.34,0.42,19.99,0.75
20241223,20,3,135.4,7.53,7.02,0.81
20241223,1,1,27.64,1.42,13.17,1.07
20241223,18,1,68.11,2.0,10.94,1.17
20241223,11,1,53.03,2.16,5.41,2.49
20241223,15,1,13.47,0.93,12.98,2.99
20241224,2,2,36.45,2.39,8.05,2.53
20241224,22,2,113.23,6.68,10.04,1.67
20241224,20,2,111.95,0.01,7.86,2.25
20241224,15,1,78.6,0.68,12.43,0.38
20241224,5,1,61.29,5.07,1.12,1.02
20241225,14,3,136.04,10.42,9.94,1.57
20241225,17,2,15.69,1.56,14.94,2.77
20241225,6,3,69.15,5.04,8.65,2.77
20241225,25,2,25.28,1.36,10.71,1.79
20241225,23,2,120.63,6.33,17.87,2.07
20241226,23,2,43.3,0.54,7.91,0.21
20241226,10,2,25.55,1.46,9.79,0.53
20241226,4,3,148.93,2.04,10.23,2.37
20241226,29,2,49.84,1.68,2.25,1.29
20241226,20,2,90.99,4.6,2.24,0.6
20241227,2,1,15.42,0.89,16.99,0.32
20241227,20,3,149.42,14.92,5.72,0.98
20241227,30,3,108.25,4.12,16.12,0.79
20241227,12,1,121.91,8.15,11.67,1.28
20241227,8,1,90.59,4.46,4.3,2.83
20241230,17,2,111.8,7.45,8.18,2.74
20241230,28,2,15.18,1.34,9.59,1.09
20241230,22,3,18.78,1.61,13.79,1.84
20241230,14,3,52.59,1.98,19.18,0.74
20241230,20,3,34.51,3.2,5.94,1.99
20241231,12,2,129.48,6.99,7.8,0.17
20241231,27,3,113.47,0.41,1.15,1.5
20241231,29,3,106.67,5.54,5.53,1.13
20241231,2,2,78.93,0.65,14.69,0.96
20241231,10,3,144.4,8.7,16.41,0.88
20250101,1,2,90.7,6.69,11.31,0.79
20250101,29,1,146.99,6.98,9.41,1.41
20250101,21,1,129.67,2.46,1.98,2.45
20250101,9,2,9.93,0.5,18.31,1.89
20250101,18,2,103.98,8.09,11.02,2.79
20250102,24,2,41.0,3.84,8.59,0.06
20250102,3,2,131.71,10.5,18.1,0.0
20250102,16,1,97.1,5.18,17.76,2.87
20250102,20,1,79.25,1.2,18.85,2.07
20250102,15,1,9.33,0.11,12.69,0.02
20250103,13,1,112.49,6.82,12.07,2.39
20250103,27,1,36.89,3.51,14.98,2.54
20250103,18,1,105.61,3.69,6.87,0.11
20250103,16,3,39.78,0.13,10.1,2.04
20250103,29,1,96.64,8.19,3.69,0.05
20250106,3,2,117.48,0.31,16.59,2.7
20250106,8,3,130.83,4.5,5.11,1.1
20250106,20,1,138.55,7.06,17.32,0.61
20250106,21,2,6.0,0.47,9.63,2.44
20250106,27,2,46.63,2.98,18.39,1.27
20250107,4,3,77.19,5.24,10.83,2.1
20250107,10,2,71.98,0.57,13.17,1.94
20250107,23,3,33.51,3.23,2.86,2.03
20250107,11,2,82.98,1.42,17.02,1.2
20250107,24,1,131.82,3.4,3.22,1.1
20250108,22,2,50.3,2.29,1.23,2.02
20250108,1,1,72.77,1.38,5.32,1.0
20250108,30,1,15.48,0.26,12.89,2.1
20250108,3,1,17.95,1.56,10.8,1.83
20250108,21,2,67.11,0.61,1.54,1.28
20250109,22,3,44.57,0.76,14.17,0.97
20250109,20,1,130.76,3.1,1.26,0.9
20250109,24,1,124.85,4.85,12.85,1.76
20250109,23,2,97.71,2.74,6.22,1.65
20250109,12,1,109.66,6.38,11.64,0.47
20250110,22,3,50.1,1.54,16.4,2.32
20250110,17,3,103.35,4.4,19.81,1.51
20250110,5,3,104.5,5.0,10.08,1.97
20250110,27,2,17.02,0.92,10.52,0.58
20250110,4,3,88.49,2.16,16.52,2.95
20250113,2,3,81.83,3.42,12.25,1.1
20250113,6,2,88.99,5.75,1.23,1.02
20250113,26,2,43.56,0.83,11.38,0.51
20250113,13,1,97.11,2.64,11.74,1.34
20250113,8,3,146.78,8.31,18.16,1.46
20250114,28,1,64.2,3.39,11.63,1.32
20250114,10,3,148.95,13.85,8.15,2.64
20250114,29,2,86.27,6.58,1.86,1.07
20250114,7,3,34.66,1.06,12.07,0.47
20250114,17,3,32.86,3.21,10.51,2.23
20250115,7,1,33.62,2.65,13.42,0.45
20250115,9,2,112.38,5.65,17.99,2.39
20250115,12,3,11.09,0.91,5.9,1.12
20250115,17,2,79.22,3.64,18.01,2.65
20250115,16,3,78.89,2.9,14.16,0.9
20250116,4,1,145.74,10.8,15.21,2.43
20250116,11,1,98.04,0.24,4.77,2.7
20250116,6,1,51.14,0.68,13.52,0.97
20250116,10,1,69.57,1.2,8.46,0.39
20250116,15,3,45.88,3.86,10.35,2.34
20250117,17,1,107.65,0.45,3.8,1.52
20250117,29,3,96.6,3.56,7.82,1.63
20250117,8,3,10.61,0.8,12.95,1.4
20250117,14,3,25.12,2.15,1.59,1.67
20250117,30,1,31.45,1.75,15.83,0.38
20250120,16,2,0.31,0.02,9.02,1.62
20250120,22,3,112.7,3.08,5.77,1.48
20250120,5,2,91.47,0.8,4.68,2.79
20250120,18,1,4.37,0.37,6.3,2.12
20250120,8,1,69.54,1.11,9.67,0.65
20250121,27,3,31.71,2.52,3.42,2.9
20250121,17,3,137.58,3.65,14.35,2.68
20250121,22,2,20.53,2.05,19.34,0.99
20250121,12,1,42.92,3.5,16.79,1.06
20250121,13,3,94.6,6.72,19.08,0.86
20250122,2,1,55.96,3.4,17.8,1.96
20250122,7,3,25.88,1.8,14.06,2.56
20250122,28,1,63.88,3.01,2.59,2.54
20250122,27,1,78.47,4.27,3.58,2.13
20250122,15,3,76.09,0.24,3.71,2.59
20250123,14,3,86.79,6.81,4.96,2.79
20250123,25,3,102.16,7.3,16.79,0.84
20250123,21,3,96.66,3.17,18.67,2.86
20250123,3,1,70.07,4.56,13.53,2.89
20250123,7,2,121.93,5.11,1.14,1.34
20250124,23,1,114.28,10.43,1.71,1.47
20250124,13,1,140.74,5.22,11.88,0.47
20250124,10,1,136.25,1.2,11.4,1.75
20250124,21,2,17.54,0.89,9.17,2.03
20250124,22,1,52.08,0.66,19.94,2.63
20250127,21,2,116.71,3.16,10.74,1.79
20250127,6,2,59.31,4.18,6.8,2.15
20250127,13,2,3.62,0.16,13.48,1.71
20250127,30,1,38.18,1.28,10.52,1.9
20250127,5,3,1.32,0.07,15.1,3.0
20250128,3,2,67.55,5.61,8.1,2.24
20250128,12,1,103.0,4.36,19.18,1.11
20250128,10,2,126.51,4.31,13.43,2.95
20250128,26,3,84.24,5.51,14.41,1.26
20250128,19,1,85.44,5.53,14.33,2.87
20250129,10,2,68.41,2.9,16.65,1.91
20250129,25,2,100.39,1.98,4.93,1.03
20250129,18,1,14.97,0.82,9.63,2.59
20250129,1,1,7.77,0.69,9.49,1.3
20250129,27,1,148.77,2.43,10.85,2.84
20250130,14,3,51.57,1.88,14.35,1.67
20250130,28,3,124.79,7.23,11.44,2.46
20250130,24,2,92.87,0.99,9.42,0.24
20250130,27,3,60.03,3.22,13.08,1.67
20250130,21,2,51.73,3.46,2.93,2.33
20250131,29,2,65.73,0.32,16.45,2.82
20250131,19,2,81.44,0.03,2.75,2.19
20250131,8,1,127.25,8.86,9.18,0.12
20250131,9,1,13.36,0.58,18.39,1.25
20250131,13,3,18.07,1.33,2.24,2.2
20250203,30,2,68.45,4.16,17.74,2.58
20250203,17,3,117.96,10.33,16.84,1.55
20250203,9,1,37.51,0.39,6.44,1.22
20250203,18,3,147.08,4.06,6.02,0.26
20250203,12,2,92.24,0.25,6.69,0.51
20250204,19,1,68.37,1.39,1.15,0.56
20250204,30,1,139.41,12.23,4.61,2.57
20250204,15,2,1.06,0.06,2.38,0.01
20250204,21,2,107.18,9.6,19.81,0.68
20250204,26,3,51.78,4.73,12.72,0.37
20250205,16,2,57.32,1.66,17.96,0.24
20250205,15,2,145.79,4.67,7.5,2.88
20250205,6,2,40.41,2.47,9.99,1.6
20250205,28,3,101.41,5.09,12.34,2.8
20250205,4,2,23.23,1.34,19.62,1.29
20250206,13,3,30.15,1.5,7.0,0.32
20250206,24,3,138.96,10.47,1.87,2.97
20250206,18,2,4.13,0.28,8.55,0.83
20250206,20,2,52.87,3.71,8.56,2.22
20250206,27,1,54.01,0.76,10.47,0.57
20250207,29,1,135.42,4.14,10.16,2.87
20250207,16,1,17.85,0.31,16.54,0.03
20250207,27,2,80.02,4.53,12.8,1.01
20250207,12,3,28.17,1.37,11.49,0.8
20250207,10,3,16.82,1.58,14.0,2.7
20250210,11,2,38.83,0.07,15.96,0.54
20250210,19,1,18.52,0.49,10.69,1.93
20250210,21,3,84.95,0.96,5.85,0.48
20250210,3,2,19.24,1.31,10.6,0.31
20250210,10,3,57.0,1.71,17.92,1.63
20250211,26,1,3.52,0.04,10.64,1.76
20250211,16,3,104.24,1.75,3.26,2.62
20250211,7,1,43.45,2.55,2.12,1.16
20250211,15,2,73.83,6.32,14.44,2.96
20250211,23,1,40.21,2.04,3.42,0.64
20250212,27,1,101.06,1.85,5.15,1.56
20250212,7,1,83.73,5.03,4.39,0.95
20250212,21,1,123.89,8.84,8.6,1.49
20250212,30,1,81.23,2.86,18.18,0.23
20250212,2,2,67.87,1.58,3.34,1.44
20250213,8,3,115.55,7.57,1.82,1.18
20250213,26,3,131.15,3.14,14.74,1.61
20250213,13,1,120.56,6.21,4.58,0.62
20250213,20,3,11.09,0.37,3.05,1.64
20250213,15,1,1.54,0.11,1.54,1.1
20250214,10,3,60.64,3.51,14.05,2.54
20250214,9,3,22.31,1.83,9.61,2.72
20250214,3,3,110.52,10.12,13.98,2.99
20250214,11,1,149.73,13.28,13.45,2.01
20250214,18,1,111.85,1.45,17.13,0.98
20250217,16,1,141.07,0.09,19.15,2.11
20250217,8,1,128.17,4.84,4.51,1.51
20250217,27,3,43.35,1.01,2.65,0.19
20250217,21,1,89.02,7.34,2.11,0.88
20250217,30,1,60.96,0.39,5.75,2.97
20250218,18,2,117.94,0.73,8.08,2.25
20250218,22,3,148.53,6.05,3.05,1.25
20250218,27,1,96.62,6.31,17.19,0.03
20250218,24,3,125.34,11.28,9.0,1.58
20250218,12,1,20.8,1.41,14.68,2.68
20250219,19,2,57.65,3.32,11.97,0.61
20250219,24,2,10.09,0.16,16.08,2.16
20250219,30,3,10.72,0.47,13.69,1.13
20250219,25,1,112.78,3.82,13.98,0.52
20250219,14,3,129.78,10.93,6.21,1.97
20250220,23,3,19.59,1.13,1.53,1.34
20250220,25,3,146.46,2.59,2.88,1.64
20250220,8,1,96.11,2.08,8.97,0.44
20250220,1,2,101.9,6.95,16.3,1.76
20250220,4,1,40.59,1.96,14.92,2.22
20250221,5,1,7.45,0.42,8.0,2.06
20250221,15,3,3.87,0.04,16.1,0.22
20250221,6,2,99.34,9.52,12.27,1.23
20250221,30,1,2.9,0.12,18.97,1.44
20250221,29,2,149.45,3.57,11.15,0.8
20250224,25,3,114.89,2.1,13.26,2.79
20250224,12,1,148.32,8.48,1.79,2.98
20250224,6,3,114.61,4.22,3.0,0.21
20250224,8,2,73.8,7.14,15.36,0.48
20250224,19,3,42.22,4.16,9.18,1.88
20250225,10,3,43.66,1.88,7.38,1.96
20250225,15,1,36.05,0.07,8.27,2.33
20250225,20,1,105.44,8.81,7.09,0.4
20250225,17,2,52.4,3.27,8.47,0.74
20250225,22,2,123.83,4.48,14.19,1.03
20250226,20,3,93.32,3.87,5.43,2.95
20250226,22,1,88.22,8.5,12.55,2.96
20250226,26,3,50.45,2.45,8.16,1.95
20250226,7,2,32.78,0.81,12.05,1.49
20250226,27,1,36.71,0.81,1.71,0.35
20250227,8,3,109.59,7.07,2.17,0.36
20250227,30,3,126.37,10.99,14.83,2.81
20250227,27,3,12.07,0.56,13.83,1.23
20250227,15,2,98.19,9.64,19.29,0.8
20250227,23,1,8.22,0.7,7.47,1.46
20250228,22,2,19.76,1.85,13.36,2.63
20250228,6,3,135.27,2.41,9.78,2.29
20250228,9,3,9.51,0.42,7.51,2.99
20250228,5,2,83.57,3.5,9.38,2.29
20250228,15,2,124.11,5.12,18.71,1.72
20250303,8,2,134.48,8.04,1.21,1.5
20250303,27,3,146.09,10.08,19.37,0.18
20250303,13,1,55.3,5.12,11.56,0.51
20250303,3,1,129.84,5.12,4.18,0.98
20250303,15,1,35.37,1.03,17.16,2.92
20250304,4,1,84.42,0.6,1.47,2.64
20250304,1,1,22.32,1.18,19.11,2.8
20250304,6,2,0.26,0.02,14.88,2.62
20250304,2,1,139.7,3.42,3.82,0.59
20250304,3,1,99.75,0.52,16.97,0.46
20250305,7,1,17.99,0.48,1.78,2.52
20250305,6,1,40.58,1.96,6.76,1.58
20250305,18,1,3.25,0.09,17.24,2.05
20250305,23,3,110.76,2.78,14.13,1.83
20250305,11,3,129.59,2.2,1.3,2.21
20250306,15,3,3.26,0.26,6.1,0.95
20250306,13,3,145.49,2.71,16.91,2.74
20250306,19,2,108.26,10.79,3.52,1.65
20250306,23,3,92.76,1.5,14.96,0.99
20250306,20,3,78.87,5.51,10.31,0.95
20250307,15,1,57.69,1.54,12.65,2.74
20250307,9,3,51.63,1.51,3.71,0.03
20250307,2,2,143.47,13.84,5.31,0.44
20250307,3,2,77.77,5.92,11.1,2.81
20250307,24,2,91.3,3.56,18.85,2.91
20250310,27,1,39.53,2.21,7.25,0.35
20250310,25,1,35.0,1.33,18.37,1.25
20250310,10,2,27.33,0.09,13.57,2.56
20250310,11,3,10.14,0.68,5.13,2.24
20250310,15,3,95.41,5.87,7.33,2.32
20250311,9,1,53.12,2.2,10.34,1.56
20250311,12,3,91.67,0.11,9.58,1.14
20250311,25,1,37.3,2.36,11.42,1.43
20250311,5,2,34.27,2.71,16.45,1.01
20250311,21,3,6.28,0.51,18.12,2.45
20250312,1,2,115.5,6.46,11.58,1.26
20250312,23,2,15.39,0.73,19.17,0.01
20250312,6,2,73.36,5.22,10.18,1.9
20250312,29,3,148.42,7.71,4.48,2.72
20250312,28,1,1.27,0.0,12.16,2.52
20250313,4,3,132.92,1.49,19.22,0.01
20250313,2,3,126.53,6.7,10.72,1.0
20250313,18,2,15.77,0.79,17.01,1.28
20250313,19,2,146.42,11.7,17.58,2.72
20250313,6,1,110.42,9.55,12.3,2.77
20250314,29,2,7.41,0.35,12.04,0.95
20250314,12,2,23.84,2.25,18.48,2.23
20250314,30,1,53.93,3.57,18.97,2.13
20250314,8,1,70.43,4.91,18.77,2.75
20250314,17,2,46.81,3.7,8.7,0.54
20250317,28,2,8.71,0.42,12.38,1.53
20250317,5,1,27.56,0.07,12.68,0.04
20250317,10,3,43.79,3.42,2.86,0.12
20250317,30,1,65.08,0.39,9.39,0.08
20250317,13,2,68.87,0.31,14.66,0.03
20250318,9,1,138.85,0.43,14.4,0.04
20250318,4,2,126.1,2.58,15.72,1.5
20250318,29,1,53.4,5.11,15.41,2.92
20250318,30,1,112.52,10.55,5.76,0.53
20250318,20,3,95.84,1.08,2.59,0.84
20250319,24,3,1.4,0.03,12.02,1.96
20250319,28,3,86.81,0.92,7.57,2.69
20250319,8,2,22.43,1.61,8.35,0.91
20250319,19,1,78.27,0.8,3.42,1.67
20250319,29,2,17.26,1.22,17.25,0.43
20250320,8,3,12.7,1.27,13.74,0.6
20250320,21,3,47.94,1.1,12.26,2.63
20250320,10,2,108.79,8.0,7.37,0.96
20250320,22,3,57.88,3.97,2.65,0.55
20250320,4,1,1.48,0.11,15.27,2.33
20250321,28,3,125.76,1.19,1.82,2.79
20250321,24,2,44.57,2.1,19.35,1.92
20250321,30,2,90.19,7.56,19.44,1.69
20250321,5,3,129.68,6.75,10.47,0.87
20250321,14,1,29.7,2.12,13.21,1.66
20250324,20,1,48.05,3.83,10.72,0.92
20250324,29,3,59.76,0.97,4.17,3.0
20250324,17,2,132.25,0.39,5.7,0.34
20250324,26,2,33.13,2.47,16.25,0.19
20250324,11,3,29.18,0.62,17.09,0.2
20250325,24,2,11.39,0.3,15.63,2.84
20250325,17,3,123.61,11.49,12.97,0.39
20250325,11,3,141.19,10.93,17.94,0.31
20250325,22,2,67.78,2.9,7.98,0.56
20250325,16,3,98.71,7.28,1.06,0.35
20250326,22,3,15.42,0.65,11.23,2.45
20250326,30,2,44.68,1.5,4.03,0.91
20250326,24,3,140.67,5.69,13.25,2.55
20250326,9,3,142.52,13.67,1.79,1.59
20250326,13,2,16.66,0.08,13.03,2.34
20250327,30,1,60.18,0.7,6.62,0.28
20250327,1,2,69.44,3.23,19.56,0.74
20250327,28,2,15.68,1.18,2.68,2.29
20250327,27,2,95.88,8.71,18.94,1.37
20250327,7,1,9.16,0.38,8.32,1.29
20250328,1,3,112.27,6.95,11.59,2.28
20250328,14,3,40.94,3.66,7.4,2.91
20250328,7,3,9.21,0.53,17.45,2.86
20250328,5,3,148.69,8.8,16.41,0.99
20250328,18,2,27.05,1.87,13.65,1.82
20250331,4,1,133.65,9.09,18.19,0.77
20250331,13,1,114.56,4.37,5.2,2.96
20250331,26,1,0.96,0.03,7.67,1.95
20250331,21,1,79.01,1.25,6.94,2.59
20250331,11,3,56.81,3.04,15.22,2.06
20250401,18,1,13.11,0.78,4.76,1.53
20250401,24,2,61.17,1.56,16.71,0.82
20250401,26,3,116.3,1.75,17.57,2.38
20250401,28,2,114.71,4.38,17.54,1.88
20250401,8,2,81.39,4.75,3.4,2.3
20250402,24,3,133.71,8.86,1.41,1.87
20250402,1,1,50.17,0.68,12.56,2.1
20250402,7,3,37.16,2.17,11.6,0.33
20250402,5,1,4.97,0.29,17.6,2.7
20250402,25,1,27.98,0.73,6.33,0.46
20250403,29,1,47.86,2.34,19.71,0.54
20250403,7,1,89.5,4.04,4.12,2.19
20250403,13,1,131.92,7.89,14.67,0.97
20250403,1,2,132.68,0.02,4.71,0.69
20250403,23,2,107.42,6.88,11.26,1.25
20250404,4,1,58.83,2.41,17.33,1.19
20250404,9,3,29.85,2.17,14.76,1.82
20250404,18,1,76.23,3.67,13.18,1.25
20250404,2,2,57.67,0.46,6.05,1.67
20250404,7,1,28.95,0.79,19.27,0.71
20250407,1,2,25.81,0.34,16.29,1.04
20250407,23,3,122.99,7.42,7.77,2.39
20250407,9,2,85.39,0.95,9.08,0.35
20250407,16,3,13.34,0.2,5.85,0.96
20250407,3,2,96.27,9.28,8.5,0.52
20250408,8,3,79.93,1.14,2.7,0.58
20250408,25,2,21.4,0.85,13.69,0.01
20250408,5,2,53.62,0.06,10.75,1.98
20250408,21,1,16.13,0.35,6.05,1.23
20250408,13,2,32.3,2.96,6.36,1.78
20250409,17,1,90.85,8.64,15.71,1.94
20250409,27,3,11.16,0.16,10.74,1.55
20250409,21,3,125.34,0.0,15.26,1.93
20250409,23,1,60.83,3.78,7.71,2.83
20250409,6,3,7.64,0.63,4.23,2.27
20250410,10,1,122.95,0.46,14.98,2.64
20250410,5,1,118.71,6.65,7.73,0.62
20250410,1,3,131.54,6.66,13.36,2.32
20250410,12,1,11.12,1.1,16.2,2.46
20250410,6,2,122.67,3.61,5.92,2.35
20250411,26,1,50.47,3.73,16.56,1.61
20250411,25,2,14.88,1.16,11.58,0.88
20250411,5,2,117.81,6.88,4.22,1.28
20250411,4,2,128.98,9.03,6.65,1.43
20250411,9,3,146.78,7.06,3.97,1.41
20250414,14,3,141.28,9.82,7.91,0.17
20250414,27,1,6.86,0.18,5.22,2.51
20250414,20,3,133.33,6.24,17.06,1.18
20250414,30,3,126.55,4.56,19.61,1.44
20250414,21,1,131.7,8.22,18.72,0.19
20250415,29,2,149.75,11.64,15.81,0.02
20250415,8,3,30.02,0.63,2.7,1.25
20250415,19,3,126.37,8.44,10.95,0.97
20250415,16,1,130.05,8.99,12.76,2.6
20250415,7,2,144.17,10.29,5.4,0.2
20250416,18,3,0.09,0.0,12.93,2.3
20250416,19,3,88.68,6.85,7.75,0.82
20250416,2,1,92.06,6.37,6.28,2.52
20250416,4,2,4.82,0.33,2.67,2.27
20250416,17,2,46.92,1.72,15.9,1.45
20250417,24,3,98.73,5.42,6.6,1.47
20250417,30,3,147.17,8.43,15.84,0.17
20250417,12,3,28.51,2.25,11.13,1.73
20250417,23,3,81.15,7.56,11.99,2.57
20250417,13,1,37.49,0.7,3.23,1.46
20250418,24,2,56.46,2.2,19.51,0.78
20250418,11,3,71.12,5.85,13.72,0.6
20250418,19,3,87.13,3.41,6.07,0.28
20250418,27,3,37.1,1.39,3.45,2.0
20250418,10,3,128.77,3.59,2.09,1.98
20250421,12,1,46.38,4.09,6.42,2.76
20250421,24,1,122.98,8.47,8.95,1.23
20250421,10,1,83.75,4.97,12.14,2.76
20250421,11,3,38.17,0.76,13.57,2.47
20250421,8,3,39.18,0.55,11.28,0.27
20250422,17,3,32.67,0.61,4.0,0.05
20250422,16,1,100.61,5.43,10.66,0.8
20250422,30,1,84.85,7.1,8.05,0.96
20250422,27,1,15.75,0.83,4.71,2.1
20250422,18,1,136.99,0.38,2.53,1.9
20250423,5,2,13.31,0.37,19.76,0.93
20250423,23,1,49.91,2.71,3.59,2.18
20250423,13,1,119.7,1.85,13.91,1.78
20250423,1,3,95.28,2.8,14.14,0.83
20250423,16,3,8.33,0.76,3.29,1.55
20250424,27,2,63.62,5.67,15.58,2.64
20250424,17,3,34.25,2.59,19.55,1.14
20250424,19,2,8.43,0.55,7.99,2.98
20250424,28,1,4.67,0.08,15.08,1.75
20250424,6,3,136.52,6.7,5.24,1.77
20250425,7,2,58.32,2.8,17.88,1.57
20250425,12,2,71.33,4.34,17.87,2.18
20250425,24,3,18.59,1.12,4.56,1.76
20250425,9,3,46.23,3.23,5.65,0.85
20250425,4,2,70.16,0.74,17.2,2.27
20250428,14,1,45.38,1.35,14.66,1.84
20250428,28,1,26.54,0.07,4.39,0.2
20250428,7,1,124.28,3.21,19.91,2.3
20250428,21,2,38.79,0.22,7.38,1.8
20250428,26,1,8.5,0.33,3.6,1.37
20250429,3,3,82.33,3.82,19.6,1.96
20250429,20,3,148.51,6.79,10.75,2.68
20250429,5,3,79.13,5.61,11.02,1.29
20250429,24,2,139.26,10.79,4.77,0.39
20250429,14,3,72.45,4.98,13.12,1.86
20250430,3,2,145.38,8.12,11.22,1.07
20250430,22,1,28.55,1.7,12.51,1.52
20250430,15,1,146.23,0.36,4.41,2.53
20250430,5,3,117.26,10.04,16.86,0.81
20250430,7,1,31.15,1.11,15.71,1.11
20250501,14,1,26.76,1.63,12.58,2.04
20250501,7,3,17.23,0.64,7.11,2.07
20250501,17,3,121.54,1.41,15.37,0.04
20250501,27,3,13.53,0.59,14.01,0.03
20250501,25,3,85.45,8.32,13.44,2.97
20250502,4,2,14.78,0.35,13.87,2.92
20250502,23,1,117.58,1.06,16.5,0.85
20250502,5,3,137.34,10.55,4.83,2.8
20250502,17,3,142.49,11.97,2.04,2.64
20250502,10,2,5.88,0.18,1.32,1.29
20250505,5,3,62.91,3.25,11.18,0.6
20250505,24,1,66.67,2.81,8.71,1.83
20250505,16,2,110.02,1.6,14.62,1.44
20250505,15,2,55.6,2.61,8.06,1.94
20250505,3,3,124.1,6.83,8.53,2.78
20250506,2,3,123.24,0.23,3.25,1.85
20250506,23,2,83.38,5.61,18.35,0.13
20250506,13,1,51.23,0.14,5.08,1.15
20250506,20,1,5.06,0.42,17.49,0.98
20250506,5,1,83.32,8.23,13.89,2.33
20250507,3,3,142.01,2.75,2.41,1.4
20250507,1,2,67.19,6.3,18.47,0.75
20250507,14,1,8.73,0.59,14.53,1.87
20250507,17,2,125.3,7.23,7.74,0.31
20250507,21,1,16.36,0.02,10.48,0.07
20250508,18,3,17.16,0.04,7.44,0.4
20250508,3,2,114.76,10.92,16.25,0.99
20250508,13,2,119.41,5.45,15.81,1.3
20250508,7,3,47.74,3.4,15.81,2.71
20250508,10,1,105.05,10.16,4.61,1.05
20250509,12,2,29.22,1.54,3.9,1.57
20250509,26,1,128.64,6.55,9.51,2.87
20250509,18,1,99.25,2.1,4.25,1.73
20250509,22,2,107.4,8.4,20.0,1.02
20250509,5,1,21.42,1.14,13.59,2.83
20250512,26,1,50.5,1.97,18.97,2.82
20250512,11,3,7.74,0.41,8.45,2.48
20250512,28,2,128.02,12.12,15.91,2.39
20250512,29,3,123.21,7.37,3.8,2.38
20250512,25,2,14.02,0.66,17.33,2.54
20250513,18,1,59.93,1.7,3.1,1.21
20250513,6,2,138.83,8.93,18.62,0.18
20250513,20,2,78.36,0.58,14.01,2.41
20250513,4,2,5.12,0.08,2.03,2.57
20250513,15,1,25.33,2.2,15.37,1.07
20250514,29,1,35.46,1.63,6.92,2.59
20250514,26,2,75.95,6.84,17.84,2.29
20250514,10,2,85.56,4.33,14.35,0.5
20250514,16,1,84.38,1.83,13.56,2.2
20250514,25,3,98.95,7.71,5.09,2.09
20250515,6,1,47.51,2.23,11.79,1.12
20250515,26,1,9.13,0.24,16.17,1.03
20250515,27,3,89.0,1.46,3.27,0.07
20250515,4,2,124.5,9.08,10.23,2.01
20250515,10,3,105.08,8.55,14.35,0.86
20250516,25,2,9.35,0.22,15.66,2.74
20250516,9,3,15.14,0.91,17.27,2.3
20250516,7,3,55.62,4.47,16.38,2.11
20250516,10,2,25.2,0.8,15.31,1.81
20250516,1,1,87.39,2.76,1.06,2.46
20250519,5,3,73.0,6.32,7.16,0.03
20250519,9,3,84.61,1.46,18.71,2.02
20250519,3,2,61.39,1.03,9.56,1.1
20250519,4,2,83.05,2.93,16.1,2.15
20250519,1,3,47.51,0.89,4.93,1.56
20250520,12,3,1.19,0.02,14.0,0.09
20250520,26,3,97.78,9.21,12.31,1.14
20250520,29,2,116.3,10.19,11.29,1.14
20250520,27,3,76.07,6.69,7.23,0.07
20250520,11,1,62.83,0.33,13.14,2.99
20250521,8,1,124.03,8.91,15.52,0.05
20250521,26,3,29.4,2.18,16.13,0.73
20250521,10,2,142.12,3.51,11.23,1.23
20250521,4,2,88.8,3.78,11.08,1.45
20250521,1,2,110.27,1.38,7.75,0.72
20250522,19,1,89.96,2.29,14.28,2.31
20250522,26,2,4.87,0.15,11.85,0.8
20250522,3,1,61.95,5.53,6.76,2.2
20250522,6,2,108.66,9.69,16.41,2.26
20250522,29,2,45.37,2.94,14.6,0.04
20250523,15,2,31.32,2.71,5.36,1.23
20250523,1,3,13.45,0.46,13.01,1.67
20250523,20,1,4.95,0.01,16.78,0.83
20250523,21,2,39.25,2.98,18.13,1.2
20250523,2,3,86.54,5.01,3.68,0.93
20250526,3,3,128.8,6.25,1.87,1.94
20250526,10,3,50.79,2.51,13.2,0.98
20250526,24,1,49.85,4.82,6.11,1.29
20250526,9,1,76.7,5.49,18.21,1.33
20250526,21,2,5.73,0.0,13.51,1.7
20250527,6,3,3.72,0.34,19.12,2.76
20250527,4,3,62.49,4.44,14.55,2.98
20250527,11,3,138.92,8.72,15.51,2.32
20250527,7,2,92.1,6.95,14.47,0.17
20250527,20,3,94.71,8.83,17.7,2.65
20250528,8,3,124.28,6.35,15.74,2.11
20250528,16,3,14.99,0.2,9.73,1.83
20250528,12,3,42.68,2.51,17.67,0.21
20250528,25,1,31.0,0.35,4.51,1.79
20250528,21,2,17.58,0.68,2.87,2.13
20250529,25,2,149.49,0.85,10.49,1.41
20250529,30,2,130.72,4.94,19.63,0.56
20250529,29,3,79.33,0.97,3.46,2.42
20250529,11,2,72.21,6.89,4.0,1.62
20250529,7,2,106.96,9.39,10.39,2.3
20250530,3,1,75.38,2.19,8.78,1.98
20250530,2,3,120.33,9.6,2.4,1.5
20250530,26,2,55.73,3.69,8.89,1.14
20250530,12,2,80.97,4.94,18.91,0.96
20250530,24,3,45.12,4.01,18.3,1.27
20250602,24,1,136.7,2.83,1.39,1.91
20250602,13,2,21.69,0.66,9.06,2.53
20250602,20,3,115.28,4.74,18.94,2.36
20250602,29,3,141.88,6.33,10.81,1.85
20250602,3,3,122.37,0.62,9.88,0.52
20250603,26,1,39.22,2.99,10.43,2.6
20250603,30,3,63.61,4.26,6.51,1.7
20250603,4,2,6.4,0.35,6.79,0.01
20250603,13,1,131.34,0.95,7.77,2.26
20250603,27,2,8.14,0.44,1.23,2.06
20250604,16,1,75.6,5.67,19.85,1.13
20250604,17,3,125.77,7.81,18.49,2.76
20250604,10,1,17.9,0.35,1.84,2.37
20250604,20,1,29.51,2.27,5.75,1.04
20250604,30,1,36.99,1.67,5.43,0.6
20250605,18,3,70.03,0.51,16.13,1.79
20250605,9,3,106.75,3.35,13.17,2.38
20250605,30,2,34.83,1.29,2.62,1.97
20250605,16,2,147.23,5.6,13.77,1.3
20250605,6,2,105.64,4.59,6.06,0.27
20250606,9,3,122.86,6.9,5.99,0.98
20250606,7,3,68.36,0.73,7.24,1.47
20250606,10,3,125.43,0.31,17.0,0.7
20250606,24,2,96.2,4.53,5.53,0.16
20250606,13,1,145.56,13.11,2.34,2.51
20250609,20,3,13.58,0.06,7.4,0.53
20250609,17,3,144.91,12.86,14.98,0.7
20250609,21,3,49.85,3.6,8.13,1.68
20250609,5,2,47.74,0.36,17.06,0.23
20250609,27,1,147.29,5.65,2.74,1.96
20250610,7,1,24.73,0.38,15.65,1.14
20250610,17,2,76.64,1.76,6.21,2.63
20250610,5,3,57.99,0.28,3.86,0.1
20250610,30,2,82.02,1.16,7.02,1.14
20250610,25,3,70.01,4.21,15.01,2.41
20250611,17,2,131.49,8.06,16.84,2.6
20250611,12,2,132.58,7.01,16.2,1.79
20250611,3,1,95.23,5.08,18.07,1.49
20250611,13,2,62.9,5.83,5.83,2.11
20250611,19,3,1.21,0.08,12.97,0.32
20250612,17,1,62.0,0.42,4.51,0.19
20250612,15,1,54.15,2.13,3.0,1.21
20250612,2,3,66.87,5.7,16.38,1.78
20250612,1,2,57.29,1.55,16.41,2.16
20250612,3,1,76.81,7.34,11.06,0.62
20250613,11,1,14.2,1.3,11.94,0.54
20250613,27,2,137.05,5.48,18.02,0.98
20250613,9,1,53.15,0.48,18.88,0.79
20250613,4,1,3.45,0.01,7.09,0.27
20250613,8,1,25.6,1.56,6.6,1.12
20250616,23,1,69.86,6.66,7.55,0.96
20250616,26,3,143.51,13.92,19.59,2.47
20250616,16,3,15.48,0.23,6.72,2.47
20250616,14,1,67.82,4.13,12.43,1.47
20250616,20,2,12.89,1.06,14.36,1.61
20250617,7,2,51.83,3.4,18.52,2.39
20250617,27,2,10.42,0.37,3.49,0.42
20250617,8,3,136.27,12.42,18.48,1.33
20250617,2,2,14.9,0.73,19.07,0.08
20250617,14,1,121.96,6.51,11.47,2.34
20250618,27,2,27.27,1.61,11.38,2.13
20250618,28,3,37.07,2.61,3.19,1.69
20250618,11,3,64.9,1.6,6.74,1.11
20250618,23,3,48.62,1.93,5.83,2.23
20250618,3,2,3.61,0.12,6.84,0.62
20250619,5,3,82.43,2.78,1.19,1.73
20250619,29,2,74.93,1.34,18.74,0.01
20250619,20,2,105.45,9.55,8.85,0.46
20250619,1,3,135.23,11.7,4.07,0.04
20250619,2,1,76.35,2.44,4.62,0.39
20250620,11,2,23.08,0.14,6.03,1.57
20250620,18,2,41.42,1.79,15.37,2.94
20250620,9,1,40.16,3.27,6.85,2.99
20250620,17,2,95.29,5.58,4.55,0.58
20250620,23,1,119.77,10.81,17.21,2.84
20250623,27,3,5.03,0.5,15.71,2.32
20250623,23,3,114.37,1.83,12.23,2.59
20250623,3,3,5.41,0.15,11.05,1.03
20250623,4,3,68.76,1.18,1.86,2.77
20250623,21,1,98.83,3.3,19.5,2.84
20250624,11,2,35.54,0.67,8.14,0.15
20250624,29,1,118.71,5.55,14.88,2.62
20250624,12,3,72.71,3.04,7.27,1.93
20250624,14,3,146.73,3.45,6.52,0.08
20250624,21,3,71.48,6.55,1.68,0.05
20250625,5,1,49.65,3.57,8.03,2.48
20250625,23,3,146.37,3.2,14.54,2.6
20250625,3,2,115.55,5.3,1.92,0.44
20250625,4,3,138.76,12.52,13.46,2.9
20250625,20,3,125.76,1.85,17.8,2.74
20250626,14,1,144.24,14.31,4.6,2.27
20250626,19,1,82.62,3.68,4.24,0.22
20250626,22,1,1.2,0.08,4.99,0.38
20250626,30,1,45.16,2.47,1.18,0.07
20250626,28,2,53.29,1.6,6.21,2.44
20250627,6,3,126.53,6.33,10.38,1.45
20250627,27,2,115.98,2.29,9.89,0.5
20250627,16,1,39.84,3.67,16.06,0.79
20250627,24,1,142.97,6.99,8.29,2.41
20250627,29,3,82.89,1.25,13.89,1.71
20250630,10,2,52.4,2.03,8.0,1.65
20250630,26,2,116.01,10.4,15.2,2.29
20250630,18,3,37.54,0.4,5.52,0.07
20250630,6,3,120.09,8.17,16.52,0.28
20250630,24,2,22.02,0.74,12.56,0.33
20250701,19,1,100.72,2.66,17.2,2.71
20250701,7,2,101.05,5.87,17.03,1.2
20250701,25,3,57.51,3.82,7.35,2.09
20250701,4,1,27.61,0.08,9.1,0.42
20250701,17,3,46.89,4.67,5.52,0.18
20250702,14,2,109.88,3.21,10.91,1.0
20250702,4,2,120.8,9.28,6.88,1.87
20250702,28,1,115.24,3.33,6.67,1.31
20250702,25,3,41.59,2.65,5.23,2.8
20250702,5,2,70.69,5.74,6.16,0.89
20250703,11,3,18.33,1.22,4.29,0.47
20250703,17,3,49.39,3.66,15.04,1.99
20250703,15,3,89.64,8.41,10.78,0.22
20250703,10,3,47.33,0.03,18.08,1.57
20250703,9,1,46.51,0.29,10.96,1.27
20250704,19,2,83.16,7.83,2.14,2.19
20250704,4,3,146.43,13.73,19.32,0.13
20250704,26,3,1.98,0.14,8.16,1.49
20250704,12,3,21.61,0.55,1.3,2.39
20250704,15,1,46.53,3.62,10.5,2.71
20250707,15,1,75.63,0.48,7.41,0.95
20250707,17,1,125.24,3.74,12.71,2.22
20250707,10,1,88.83,2.8,18.29,2.8
20250707,11,3,126.06,8.85,1.66,0.62
20250707,6,1,60.73,1.75,16.82,2.57
20250708,24,3,95.94,7.07,14.13,0.55
20250708,28,3,140.99,4.31,12.93,2.72
20250708,16,3,121.16,4.14,8.8,0.09
20250708,12,1,98.73,8.43,7.12,1.09
20250708,20,3,70.73,5.03,14.97,2.95
20250709,27,3,115.59,10.92,13.62,1.86
20250709,19,1,51.6,2.58,16.99,1.24
20250709,22,2,137.91,8.01,2.54,2.51
20250709,3,3,148.47,5.36,1.98,1.64
20250709,18,1,7.57,0.29,11.35,2.04
20250710,1,1,59.77,0.85,6.29,0.38
20250710,29,1,13.97,1.0,15.26,1.51
20250710,11,3,57.78,4.23,5.98,2.14
20250710,9,3,61.67,5.83,14.72,1.62
20250710,28,1,66.41,0.44,18.94,0.91
20250711,26,2,111.86,3.09,19.82,2.22
20250711,6,2,74.98,5.31,19.23,2.47
20250711,8,3,149.24,1.93,10.68,1.93
20250711,11,1,0.44,0.03,17.94,0.77
20250711,24,1,143.29,7.31,18.66,2.73
20250714,23,2,0.04,0.0,6.95,1.87
20250714,2,3,4.68,0.05,11.3,0.98
20250714,10,1,59.21,2.9,10.81,2.08
20250714,20,2,6.03,0.43,18.92,0.39
20250714,21,3,19.07,0.84,10.34,1.22
20250715,1,1,79.94,5.53,5.01,0.04
20250715,9,1,1.66,0.09,19.06,2.94
20250715,2,2,21.97,2.02,1.74,0.03
20250715,6,3,31.69,2.12,19.5,2.78
20250715,15,3,109.55,5.58,15.82,1.85
20250716,9,2,84.63,3.75,13.57,2.76
20250716,24,3,23.25,1.63,13.68,1.74
20250716,11,1,12.49,0.81,14.12,0.24
20250716,16,3,99.99,3.89,8.47,1.88
20250716,13,1,65.32,1.46,14.43,0.24
20250717,18,3,129.13,5.93,11.32,2.48
20250717,5,2,55.57,3.55,10.62,0.96
20250717,20,2,64.54,1.18,19.97,0.67
20250717,15,2,117.51,3.48,10.69,0.88
20250717,17,1,44.93,3.71,19.77,2.36
20250718,14,2,26.67,1.79,15.62,1.4
20250718,18,3,35.61,1.84,17.45,0.47
20250718,7,1,139.04,4.62,6.3,0.51
20250718,25,2,136.33,1.27,18.69,0.52
20250718,4,1,23.38,0.01,16.54,1.0
20250721,19,3,71.47,6.0,13.26,1.95
20250721,21,2,139.98,11.93,9.29,2.04
20250721,6,1,56.91,2.66,19.92,0.92
20250721,1,3,54.31,4.81,7.18,2.87
20250721,24,3,148.32,12.88,1.14,2.09
20250722,4,3,136.69,10.15,14.99,1.19
20250722,30,2,55.28,3.15,8.68,1.89
20250722,5,1,111.01,5.29,10.31,2.16
20250722,1,1,1.69,0.08,17.44,0.96
20250722,8,3,144.56,3.07,1.4,0.74
20250723,13,2,74.91,6.03,4.14,0.25
20250723,10,3,27.9,2.62,15.4,0.16
20250723,26,2,76.98,1.45,1.02,0.06
20250723,23,2,100.42,3.52,1.25,0.37
20250723,4,1,87.75,8.18,12.09,0.17
20250724,14,2,29.55,1.88,16.76,0.27
20250724,23,2,134.4,10.53,15.84,0.82
20250724,1,1,102.65,9.3,10.75,2.82
20250724,28,2,21.42,0.58,19.91,1.82
20250724,17,1,119.57,5.56,9.22,0.21
20250725,14,3,137.44,8.9,16.2,1.88
20250725,7,2,135.91,9.29,14.95,1.38
20250725,28,1,142.34,7.89,18.32,1.48
20250725,4,1,39.26,2.94,9.23,1.12
20250725,12,1,135.17,3.59,13.3,2.09
20250728,15,1,107.97,3.97,18.5,1.39
20250728,8,2,14.55,0.18,18.83,1.67
20250728,19,1,109.92,7.75,10.02,2.65
20250728,7,1,128.27,3.32,7.06,0.66
20250728,30,1,71.42,0.17,3.46,1.39
20250729,16,3,115.43,5.28,10.77,1.97
20250729,6,2,108.93,5.88,9.62,2.86
20250729,4,2,51.04,0.24,12.89,0.24
20250729,27,1,139.91,5.22,6.38,2.96
20250729,21,1,65.24,1.02,5.32,1.13
20250730,4,1,88.26,1.74,3.81,1.02
20250730,18,3,52.28,0.82,18.16,2.37
20250730,7,3,126.17,11.83,7.43,2.12
20250730,5,3,102.88,9.9,7.78,0.28
20250730,25,3,147.16,0.62,10.2,2.35
20250731,16,1,7.44,0.41,3.12,2.08
20250731,26,2,1.24,0.06,11.61,0.15
20250731,5,1,33.1,1.81,12.98,0.3
20250731,6,3,148.72,1.91,1.6,1.2
20250731,17,3,59.3,1.13,10.37,1.69
20250801,13,1,67.58,5.35,10.54,2.78
20250801,28,3,37.37,1.07,6.55,2.44
20250801,3,3,56.65,0.01,12.0,0.14
20250801,6,1,11.9,0.91,9.41,2.19
20250801,19,3,112.29,7.57,18.54,0.19
20250804,9,3,133.72,11.77,18.33,1.76
20250804,28,1,49.55,3.43,13.55,0.18
20250804,13,2,130.66,12.4,16.04,0.16
20250804,1,2,128.01,7.39,11.77,1.59
20250804,16,1,49.23,3.79,3.02,2.77
20250805,9,1,93.94,4.03,1.53,1.04
20250805,8,1,20.6,0.15,10.01,0.74
20250805,1,2,29.63,2.25,19.24,2.05
20250805,4,1,111.66,4.77,13.72,2.78
20250805,29,2,52.17,2.78,12.54,0.38
20250806,18,2,27.53,1.56,6.11,1.55
20250806,6,3,59.79,3.03,6.6,1.22
20250806,13,3,118.39,4.01,14.92,2.94
20250806,26,3,145.67,13.66,5.6,0.05
20250806,27,2,17.84,0.32,9.92,1.82
20250807,10,3,127.63,0.84,7.09,2.54
20250807,6,2,18.05,0.96,16.65,2.88
20250807,13,1,116.13,1.37,10.24,0.25
20250807,5,2,138.94,13.58,4.98,0.1
20250807,30,2,116.77,0.66,7.75,2.21
20250808,27,1,21.92,0.97,14.51,1.36
20250808,4,3,98.64,5.63,13.75,0.38
20250808,9,2,1.2,0.12,3.69,1.6
20250808,8,1,38.01,3.75,1.78,0.99
20250808,22,1,5.83,0.3,18.24,0.38
20250811,20,2,44.43,1.83,14.72,2.13
20250811,15,1,30.36,1.08,16.67,0.25
20250811,23,1,94.8,2.6,17.99,2.18
20250811,14,2,2.04,0.07,2.92,2.76
20250811,16,1,111.99,5.24,18.37,0.45
20250812,3,2,88.25,8.21,6.3,2.48
20250812,13,1,69.12,2.13,5.79,1.35
20250812,4,3,126.02,2.35,9.98,1.98
20250812,22,2,109.16,9.29,19.57,1.5
20250812,25,2,2.8,0.22,15.77,1.15
20250813,18,3,127.86,1.03,7.04,2.27
20250813,22,1,73.01,1.39,3.13,2.92
20250813,7,2,121.33,1.27,14.63,1.22
20250813,29,2,33.87,2.68,19.93,0.36
20250813,30,3,27.04,0.41,11.72,1.25
20250814,8,1,96.78,4.64,11.68,2.99
20250814,10,1,146.0,6.21,19.8,1.38
20250814,22,3,50.77,1.91,16.94,1.82
20250814,16,1,49.57,3.61,7.98,2.97
20250814,11,2,68.13,2.92,13.59,2.27
20250815,18,1,104.88,1.77,12.79,1.58
20250815,30,2,148.95,14.8,5.73,0.98
20250815,6,1,128.29,9.32,3.85,0.67
20250815,8,3,23.38,1.3,18.53,1.48
20250815,9,3,98.95,4.93,4.12,1.7
20250818,18,3,86.52,6.13,5.62,2.33
20250818,21,2,74.14,4.05,12.78,2.89
20250818,19,1,45.34,1.08,15.0,0.13
20250818,13,1,89.38,6.03,12.75,1.1
20250818,2,2,68.07,0.16,3.06,0.22
20250819,25,2,84.96,6.21,2.03,0.75
20250819,10,2,18.94,0.45,13.74,1.33
20250819,27,2,83.34,7.23,5.33,0.85
20250819,17,3,2.81,0.14,14.65,0.98
20250819,19,2,37.56,1.37,3.62,2.99
20250820,11,2,80.67,2.67,14.63,0.98
20250820,28,2,63.33,1.36,18.24,2.73
20250820,16,3,87.79,6.03,5.13,2.21
20250820,29,1,130.84,3.68,8.78,0.18
20250820,5,3,54.26,0.89,14.3,1.23
20250821,4,2,72.77,1.42,17.74,0.99
20250821,27,1,59.23,4.2,19.14,2.94
20250821,30,1,92.97,0.74,15.46,1.35
20250821,26,1,59.75,3.36,7.04,2.99
20250821,5,3,16.01,1.05,17.44,2.36
20250822,3,1,131.82,1.14,6.95,1.6
20250822,28,2,73.43,1.43,5.1,1.8
20250822,4,3,135.25,0.03,19.71,1.84
20250822,9,3,29.23,1.19,19.14,0.55
20250822,24,2,7.08,0.29,16.16,1.75
20250825,5,3,73.95,6.52,7.02,1.28
20250825,17,3,122.32,4.25,13.53,1.22
20250825,26,1,65.64,3.91,10.44,2.13
20250825,27,3,73.75,2.48,7.39,0.39
20250825,21,2,13.55,1.12,16.85,2.64
20250826,14,3,49.94,2.78,4.25,2.24
20250826,17,1,138.01,10.74,14.16,0.88
20250826,9,2,122.39,11.63,1.81,2.09
20250826,23,2,54.77,4.26,19.5,2.44
20250826,20,2,84.43,0.46,12.5,1.01
20250827,4,1,134.23,1.06,11.5,2.2
20250827,25,2,122.14,2.05,11.85,0.05
20250827,3,3,117.83,5.3,4.81,0.58
20250827,23,1,130.5,10.77,8.27,2.91
20250827,9,2,115.03,7.89,14.67,1.53
20250828,21,3,0.64,0.04,10.41,0.66
20250828,17,1,116.23,2.15,16.0,0.99
20250828,7,2,93.33,4.62,10.42,0.29
20250828,25,3,94.14,4.65,10.41,0.18
20250828,16,1,79.96,3.88,14.89,1.25
20250829,1,1,87.58,7.63,7.84,2.51
20250829,30,2,79.74,1.12,7.43,1.16
20250829,15,2,15.72,1.38,12.95,0.5
20250829,8,2,7.37,0.38,11.54,2.01
20250829,25,3,141.93,1.88,13.13,0.87
20250901,2,1,79.9,3.56,5.84,0.87
20250901,13,1,96.82,6.44,10.16,0.57
20250901,10,1,121.52,5.82,18.37,1.93
20250901,16,2,88.08,7.83,17.7,0.43
20250901,26,1,53.7,0.16,1.74,2.31
20250902,26,2,89.63,6.67,16.47,1.47
20250902,22,2,117.73,9.15,6.01,2.05
20250902,9,1,31.72,2.73,1.16,2.98
20250902,7,3,88.87,1.71,6.66,0.4
20250902,13,3,64.04,4.4,5.16,2.79
20250903,28,3,54.12,4.71,2.5,2.4
20250903,11,3,5.28,0.27,7.81,0.8
20250903,5,3,106.67,5.97,3.63,0.8
20250903,19,3,109.82,8.88,18.55,1.77
20250903,23,1,105.46,3.91,6.84,0.42
20250904,14,2,80.77,5.89,16.8,1.76
20250904,7,3,139.24,2.67,10.62,2.79
20250904,2,1,95.97,4.18,8.81,2.13
20250904,25,2,129.12,0.5,6.88,1.42
20250904,10,3,85.66,1.01,15.26,2.62
20250905,22,2,72.12,0.37,3.35,0.06
20250905,27,3,4.39,0.07,13.43,1.44
20250905,2,2,23.94,1.66,14.76,0.93
20250905,14,1,125.99,7.11,4.64,1.11
20250905,20,3,11.0,0.09,3.37,0.36
20250908,17,1,66.57,1.54,14.73,0.61
20250908,5,3,116.02,6.32,16.82,0.06
20250908,3,1,90.01,5.47,19.23,2.78
20250908,30,3,95.76,9.19,5.8,1.06
20250908,8,1,30.52,1.26,1.55,1.38
20250909,15,1,144.83,0.87,4.33,1.16
20250909,7,2,63.65,6.06,15.14,1.87
20250909,13,3,125.43,8.84,8.45,2.31
20250909,22,3,8.42,0.44,3.83,0.65
20250909,9,3,80.87,2.36,10.03,2.57
20250910,4,3,10.51,1.02,7.52,0.26
20250910,3,2,46.98,1.13,19.44,1.86
20250910,17,2,24.83,2.46,1.34,1.5
20250910,7,2,118.35,9.63,2.86,0.45
20250910,21,2,136.5,1.71,15.47,2.21
20250911,5,3,83.37,7.08,4.38,2.77
20250911,11,2,105.35,7.33,7.94,1.98
20250911,2,2,127.96,12.33,11.61,2.3
20250911,14,1,12.37,0.51,11.54,1.46
20250911,28,1,41.4,3.61,2.49,0.29
20250912,4,2,29.88,0.41,2.63,0.3
20250912,14,3,16.2,0.22,6.47,1.18
20250912,23,3,78.43,5.17,1.9,2.99
20250912,19,3,89.94,0.45,2.02,1.39
20250912,11,1,3.28,0.18,5.52,0.5
20250915,6,1,20.71,1.78,7.66,0.45
20250915,17,2,102.89,5.41,17.65,1.37
20250915,5,3,145.78,8.25,3.38,2.59
20250915,4,2,67.15,0.61,9.61,0.28
20250915,21,2,6.4,0.2,12.29,1.36
20250916,16,2,1.9,0.09,18.14,2.49
20250916,8,3,106.24,5.55,1.72,0.61
20250916,5,3,107.8,8.38,8.1,1.91
20250916,1,2,99.67,9.55,9.24,0.64
20250916,7,3,42.36,2.98,13.81,2.14
20250917,6,1,87.77,6.57,15.81,1.6
20250917,20,1,7.41,0.02,15.55,1.31
20250917,26,2,124.68,8.21,4.99,1.6
20250917,7,2,64.56,3.4,2.17,0.19
20250917,24,3,94.64,8.38,17.11,1.8
20250918,25,1,92.91,9.09,7.85,2.66
20250918,7,2,31.65,2.34,13.04,0.6
20250918,9,2,62.36,4.27,15.24,1.33
20250918,18,1,128.26,2.61,1.46,2.34
20250918,22,2,46.62,3.1,11.2,0.75
20250919,11,1,143.4,10.94,1.14,1.8
20250919,27,3,147.9,0.59,3.06,0.61
20250919,18,2,69.35,6.08,14.96,1.79
20250919,29,3,68.52,0.37,6.62,0.7
20250919,7,3,120.88,8.29,18.04,2.08
20250922,5,2,121.19,8.67,18.47,0.42
20250922,27,2,68.89,4.3,14.19,1.12
20250922,10,3,28.85,2.79,3.94,0.31
20250922,29,1,80.38,3.38,6.65,1.39
20250922,18,3,104.52,5.73,14.02,2.71
20250923,30,2,34.55,2.84,6.33,0.61
20250923,18,2,25.23,2.08,10.97,1.1
20250923,19,1,43.96,3.82,2.46,2.14
20250923,12,1,145.86,5.38,12.3,1.39
20250923,21,3,111.78,3.14,4.25,2.85
20250924,8,2,24.22,1.67,4.12,1.84
20250924,26,3,90.43,1.92,7.03,1.85
20250924,9,2,48.43,1.34,14.14,1.22
20250924,4,1,33.9,1.37,3.33,1.48
20250924,5,3,109.4,4.12,19.28,0.19
20250925,30,3,109.89,3.72,19.41,1.45
20250925,28,3,39.83,0.38,1.05,0.57
20250925,25,2,133.29,8.71,8.15,1.45
20250925,13,1,11.91,0.92,14.66,1.43
20250925,22,3,9.8,0.89,19.78,2.12
20250926,14,2,32.59,0.44,4.9,1.81
20250926,23,1,32.05,3.12,15.87,2.39
20250926,15,3,146.27,1.04,7.72,0.65
20250926,4,1,21.87,1.28,2.76,1.47
20250926,30,3,28.58,1.2,10.46,2.48
20250929,16,3,111.1,0.53,4.39,1.87
20250929,25,1,102.38,8.44,2.47,1.93
20250929,10,2,146.79,6.69,18.86,2.6
20250929,6,3,23.56,1.28,5.58,0.59
20250929,2,1,67.1,4.22,16.89,2.12
20250930,22,1,56.22,4.56,15.8,0.29
20250930,17,2,69.69,6.79,13.88,2.91
20250930,16,3,3.69,0.14,19.87,2.82
20250930,24,2,73.39,3.78,15.0,2.35
20250930,9,3,42.7,0.48,16.35,2.72
20251001,9,2,69.54,2.47,5.68,2.45
20251001,20,2,47.39,3.4,17.3,1.11
20251001,17,2,0.81,0.03,12.15,0.53
20251001,12,1,77.66,4.51,3.63,0.32
20251001,13,3,18.38,0.42,12.96,2.77
20251002,14,3,27.36,0.38,10.97,0.1
20251002,18,2,122.38,2.36,7.24,0.11
20251002,8,3,6.78,0.27,2.65,0.26
20251002,4,1,129.11,10.24,14.36,2.3
20251002,23,3,57.69,0.65,10.29,2.55
20251003,2,3,10.15,0.75,12.63,2.7
20251003,1,1,126.44,10.52,15.78,2.65
20251003,17,1,144.45,11.43,12.51,2.15
20251003,16,1,55.09,5.29,3.66,0.7
20251003,30,2,90.34,8.71,10.94,1.06
20251006,20,3,87.53,7.75,13.77,1.64
20251006,18,3,119.09,3.19,18.85,2.39
20251006,19,1,137.08,8.59,9.2,0.71
20251006,24,1,72.61,5.23,5.51,1.04
20251006,27,3,88.09,2.85,18.51,2.53
20251007,3,3,26.51,2.58,16.66,1.48
20251007,5,3,87.96,4.54,10.92,2.67
20251007,28,3,21.8,0.57,2.72,0.19
20251007,29,2,128.86,0.21,9.49,2.5
20251007,23,1,13.17,0.98,7.58,0.66
20251008,19,3,116.13,4.04,12.9,2.88
20251008,4,3,41.68,2.59,13.6,0.44
20251008,17,3,120.26,2.26,13.64,1.5
20251008,24,2,24.37,0.47,11.44,0.73
20251008,2,3,5.88,0.34,18.63,1.62
20251009,14,2,144.04,12.64,3.63,2.71
20251009,19,1,64.83,4.94,19.97,2.14
20251009,10,3,55.75,0.97,11.68,0.54
20251009,9,3,64.99,3.39,7.97,1.13
20251009,2,2,14.28,0.86,2.49,2.66
20251010,12,1,32.46,1.67,8.01,0.2
20251010,22,3,34.17,0.13,1.76,2.23
20251010,10,3,94.37,6.89,15.07,0.32
20251010,27,2,120.77,9.54,6.69,2.38
20251010,3,3,143.81,3.61,13.6,0.2
20251013,11,2,129.38,10.67,8.16,1.69
20251013,24,2,29.28,1.49,7.39,0.94
20251013,13,2,18.15,1.49,11.72,2.52
20251013,4,1,148.18,4.37,12.99,1.73
20251013,7,2,112.25,0.81,10.1,2.88
20251014,10,2,52.97,0.8,11.57,2.02
20251014,22,1,36.61,0.24,5.98,0.91
20251014,4,3,148.93,5.27,4.43,1.4
20251014,20,2,71.14,3.21,9.81,2.28
20251014,30,1,25.2,1.61,17.51,2.23
20251015,15,2,47.41,2.05,11.0,1.35
20251015,29,1,9.13,0.29,16.27,2.33
20251015,7,2,123.4,7.54,7.23,1.41
20251015,23,3,81.25,5.86,9.35,0.66
20251015,5,2,8.01,0.09,4.11,1.45
20251016,3,3,19.52,1.36,9.41,0.46
20251016,20,1,76.63,1.51,6.57,2.22
20251016,17,1,93.31,0.53,9.34,0.52
20251016,30,1,142.86,3.41,3.99,1.01
20251016,28,3,1.79,0.0,19.74,2.92
20251017,8,3,95.95,2.63,17.77,0.83
20251017,26,2,15.23,1.01,9.51,0.84
20251017,5,3,80.83,0.45,7.42,2.39
20251017,10,3,1.8,0.06,15.09,2.6
20251017,28,1,122.58,7.95,5.82,1.85
20251020,2,1,29.54,2.87,14.88,2.67
20251020,19,2,30.93,2.06,10.84,2.61
20251020,23,1,36.51,2.85,2.6,1.25
20251020,17,1,147.56,11.13,8.13,1.19
20251020,6,2,52.66,2.04,12.14,0.13
20251021,17,1,33.52,2.66,11.53,0.91
20251021,15,3,126.07,3.87,4.46,2.4
20251021,5,2,39.27,2.43,1.17,2.55
20251021,21,1,125.24,8.62,10.75,0.49
20251021,3,3,143.53,14.23,17.72,2.65
20251022,8,3,119.7,5.54,18.2,1.37
20251022,13,1,142.31,7.91,11.18,1.35
20251022,21,1,98.31,4.09,15.61,0.64
20251022,3,2,128.92,0.35,4.68,1.73
20251022,12,3,88.9,0.24,8.27,1.92
20251023,1,2,115.23,0.52,11.02,0.05
20251023,5,1,49.57,4.3,9.25,2.88
20251023,8,1,19.23,1.11,7.79,2.98
20251023,24,1,118.99,11.34,11.03,1.25
20251023,4,3,40.72,0.34,19.58,0.83
20251024,17,3,56.41,3.05,8.63,0.15
20251024,4,2,27.15,2.3,19.9,2.39
20251024,6,1,126.67,8.4,2.82,2.49
20251024,20,2,77.1,4.05,16.74,1.5
20251024,23,2,69.7,0.52,17.55,2.58
20251027,22,3,113.44,0.12,18.58,1.88
20251027,19,1,54.63,2.63,2.64,1.81
20251027,8,2,140.12,2.11,7.11,1.98
20251027,7,1,135.25,13.45,2.32,1.63
20251027,21,1,118.35,7.34,1.32,0.03
20251028,26,1,95.13,1.72,10.08,0.66
20251028,14,2,89.3,6.93,9.56,2.05
20251028,15,3,134.8,10.4,4.88,2.11
20251028,11,3,130.69,9.42,8.71,1.42
20251028,18,3,77.56,3.98,10.9,1.62
20251029,16,2,71.42,6.26,5.37,1.61
20251029,23,2,104.63,1.62,18.38,0.76
20251029,8,1,113.77,1.67,5.1,2.94
20251029,21,3,100.48,7.93,2.52,2.14
20251029,6,3,117.05,10.06,10.53,2.14
20251030,6,2,54.62,2.34,10.51,1.36
20251030,29,1,5.06,0.25,17.69,1.98
20251030,4,1,84.28,1.28,15.63,1.54
20251030,28,2,143.7,8.47,7.92,0.87
20251030,8,1,9.1,0.9,1.54,2.65
20251031,30,1,14.3,1.14,3.56,0.77
20251031,17,2,60.52,1.26,2.12,1.72
20251031,29,1,124.55,9.89,7.48,1.73
20251031,1,3,23.07,1.13,6.79,2.73
20251031,4,1,119.95,1.91,2.37,0.45
20251103,7,1,61.53,4.58,17.18,0.78
20251103,27,1,146.77,11.01,2.74,1.16
20251103,20,3,32.91,0.41,5.49,0.0
20251103,28,3,90.46,7.49,3.64,0.13
20251103,22,1,28.42,2.19,13.42,0.61
20251104,10,3,50.2,4.77,11.51,2.24
20251104,5,2,33.69,1.25,17.53,1.15
20251104,6,1,106.51,3.04,11.43,1.23
20251104,18,3,44.08,3.87,18.65,1.08
20251104,19,2,88.98,6.35,5.07,0.58
20251105,28,1,95.59,4.57,5.67,1.41
20251105,12,2,55.58,1.64,5.67,1.42
20251105,9,1,23.13,1.35,12.36,1.14
20251105,11,2,128.72,2.22,13.31,0.35
20251105,8,1,23.05,2.22,9.64,0.03
20251106,25,2,3.86,0.36,6.36,0.57
20251106,7,2,140.46,3.52,3.04,2.42
20251106,16,2,88.21,5.41,18.84,1.65
20251106,19,2,61.77,3.36,18.74,2.06
20251106,14,1,98.52,2.83,2.03,2.17
20251107,26,2,102.25,6.86,16.34,1.43
20251107,16,3,146.78,13.92,3.52,0.35
20251107,9,3,83.87,3.63,13.37,1.64
20251107,8,3,66.71,0.45,8.49,2.64
20251107,15,2,38.98,1.92,19.6,1.02
20251110,7,3,140.32,6.56,10.13,1.29
20251110,29,2,128.55,7.92,14.76,1.05
20251110,3,2,117.77,0.7,16.04,0.45
20251110,13,3,22.34,0.97,6.53,1.0
20251110,5,2,141.55,11.34,11.65,2.87
20251111,6,1,103.96,8.44,7.02,1.11
20251111,18,1,129.4,10.45,10.24,1.03
20251111,20,3,55.19,1.2,11.88,2.72
20251111,10,1,14.0,0.49,1.3,2.72
20251111,14,3,63.17,2.41,3.62,1.82
20251112,13,3,49.15,1.36,19.36,0.66
20251112,15,2,116.06,3.48,6.33,0.68
20251112,6,2,147.75,11.66,10.2,0.04
20251112,7,3,75.77,3.59,18.26,2.7
20251112,1,3,64.45,3.53,4.86,2.27
20251113,22,1,64.35,3.12,15.11,1.31
20251113,24,2,111.76,9.33,17.94,2.98
20251113,9,2,83.5,3.32,5.74,0.65
20251113,27,3,148.26,10.18,16.26,2.33
20251113,19,2,21.18,0.86,5.92,2.42
20251114,27,1,106.63,9.23,16.19,1.15
20251114,18,1,68.58,1.19,12.95,0.07
20251114,2,1,103.59,9.01,12.74,1.81
20251114,19,1,7.47,0.71,16.13,2.59
20251114,30,2,4.7,0.39,9.22,0.85
20251117,10,1,34.2,0.44,3.47,1.38
20251117,28,2,22.55,0.68,2.01,1.2
20251117,1,3,62.58,4.29,16.52,0.96
20251117,26,3,9.27,0.13,4.83,0.18
20251117,20,2,69.8,4.21,13.95,0.86
20251118,7,2,51.23,1.3,4.27,1.17
20251118,19,3,79.86,7.44,9.5,1.11
20251118,29,3,69.29,0.03,3.23,1.97
20251118,11,1,142.5,0.06,1.8,2.59
20251118,30,2,145.35,8.72,18.22,1.74
20251119,21,2,77.56,4.05,3.47,1.12
20251119,2,3,10.33,0.19,15.18,2.26
20251119,12,3,98.15,9.34,4.11,2.42
20251119,3,3,135.84,8.75,6.25,1.29
20251119,17,3,51.0,3.91,8.66,2.69
20251120,7,3,50.97,1.68,3.63,1.4
20251120,28,3,19.74,0.77,10.03,0.35
20251120,4,3,130.71,2.27,19.53,2.54
20251120,8,3,56.81,0.85,15.85,1.34
20251120,6,3,117.33,6.42,19.0,2.48
20251121,15,2,73.7,6.68,7.52,2.8
20251121,1,3,13.4,0.66,7.69,0.1
20251121,16,2,34.51,2.14,10.45,2.15
20251121,21,3,118.72,7.58,5.79,2.17
20251121,19,1,16.31,0.47,1.88,1.97
20251124,27,3,0.88,0.02,8.58,1.59
20251124,28,3,48.62,0.09,3.21,1.55
20251124,18,1,48.97,1.23,5.34,2.98
20251124,24,2,131.05,3.37,14.06,0.37
20251124,13,2,36.4,1.11,13.96,0.24
20251125,1,2,102.87,5.36,1.46,1.61
20251125,22,2,140.25,14.02,16.31,0.5
20251125,18,1,48.05,3.43,17.08,2.76
20251125,27,1,130.38,7.19,14.12,2.27
20251125,15,3,40.38,0.96,15.99,0.26
20251126,2,3,93.85,0.43,19.47,0.64
20251126,13,2,12.28,0.84,9.56,0.11
20251126,23,3,71.06,2.93,19.83,0.4
20251126,3,3,34.79,1.88,18.1,0.26
20251126,28,2,55.61,5.43,6.88,0.7
20251127,10,3,136.68,5.57,19.87,2.83
20251127,23,1,15.42,0.8,19.39,2.07
20251127,28,3,124.85,6.98,9.23,2.59
20251127,27,2,63.04,5.65,6.44,2.64
20251127,20,1,105.27,7.75,7.82,1.99
20251128,30,2,77.12,2.26,16.08,0.57
20251128,27,1,61.84,1.02,13.39,1.52
20251128,5,1,47.0,2.93,13.25,0.25
20251128,18,2,106.09,8.86,8.15,2.18
20251128,6,2,112.83,0.59,15.44,0.01
20251201,16,1,85.95,0.61,19.46,0.11
20251201,20,3,147.48,0.99,3.05,1.31
20251201,10,3,131.84,10.93,4.55,2.07
20251201,15,3,52.23,3.86,6.33,2.62
20251201,23,3,87.57,0.05,14.34,0.69
20251202,21,3,111.75,6.86,15.15,2.43
20251202,27,1,143.61,8.78,4.3,0.04
20251202,22,2,61.91,4.06,2.91,2.01
20251202,15,3,86.72,6.02,18.39,1.09
20251202,1,2,72.66,0.44,11.14,0.63
20251203,20,2,40.83,0.52,8.08,2.74
20251203,29,3,143.44,12.3,1.39,2.96
20251203,30,3,118.02,8.26,7.09,1.75
20251203,19,1,71.8,0.75,6.74,0.01
20251203,26,3,141.93,4.3,2.6,0.64
20251204,9,2,120.03,9.72,3.94,3.0
20251204,4,1,30.35,2.81,1.5,2.88
20251204,11,2,97.22,5.12,9.7,1.79
20251204,28,1,73.63,0.33,18.43,2.05
20251204,8,2,1.39,0.1,5.49,2.44
20251205,11,3,139.11,5.2,4.01,1.76
20251205,25,1,8.53,0.34,16.08,3.0
20251205,14,2,90.02,3.87,18.02,1.6
20251205,18,1,148.34,8.05,11.52,0.4
20251205,15,2,1.01,0.02,6.63,2.32
20251208,2,2,60.16,0.25,5.73,1.95
20251208,3,1,56.33,2.12,4.66,1.23
20251208,28,1,38.03,0.74,18.94,2.9
20251208,16,3,140.07,4.85,10.62,2.4
20251208,10,2,140.26,2.32,17.37,2.87
20251209,9,2,64.96,6.38,12.82,1.75
20251209,16,3,77.62,3.31,15.96,0.39
20251209,2,1,50.54,3.34,1.59,1.45
20251209,15,3,19.71,0.77,10.93,2.99
20251209,5,1,28.53,0.6,2.56,2.98
20251210,27,1,136.81,8.91,18.92,2.12
20251210,26,3,135.08,1.86,10.41,2.91
20251210,17,3,115.19,9.23,15.52,0.52
20251210,29,3,27.95,2.15,15.99,0.24
20251210,14,3,120.33,10.92,17.64,1.83
20251211,26,2,94.49,6.76,17.37,0.59
20251211,4,1,67.28,5.81,12.09,2.09
20251211,5,2,81.3,5.11,10.33,2.23
20251211,8,2,68.3,0.71,18.72,0.68
20251211,2,3,146.98,8.97,2.73,2.55
20251212,14,1,39.96,0.02,5.64,0.76
20251212,4,2,21.84,0.42,2.2,0.68
20251212,21,3,115.94,4.35,6.39,0.65
20251212,30,3,47.65,4.31,11.12,2.72
20251212,16,2,11.49,1.1,7.47,1.77
20251215,23,1,38.51,3.72,8.24,0.91
20251215,16,2,25.06,0.13,10.15,1.81
20251215,8,1,11.46,0.32,10.06,1.09
20251215,1,3,124.42,5.03,7.96,0.16
20251215,7,2,74.7,0.22,14.8,2.57
20251216,25,3,33.96,1.83,13.49,0.82
20251216,8,2,69.36,2.58,9.07,1.23
20251216,14,3,90.25,7.49,12.15,0.4
20251216,6,1,39.2,0.31,8.61,1.44
20251216,9,1,27.42,2.4,18.35,2.39
20251217,29,2,58.38,5.62,1.28,1.69
20251217,16,1,61.17,5.12,14.22,1.93
20251217,4,1,14.45,0.17,3.45,1.74
20251217,3,3,68.67,1.75,13.11,2.54
20251217,18,1,48.4,3.59,2.51,2.18
20251218,28,2,106.97,0.83,3.59,0.61
20251218,7,3,113.85,0.43,1.74,1.3
20251218,10,3,52.11,2.71,3.69,1.68
20251218,27,1,0.96,0.08,8.33,0.91
20251218,29,3,12.24,0.51,12.07,0.95
20251219,21,1,133.92,9.08,15.39,2.06
20251219,22,3,12.12,0.88,11.83,2.08
20251219,14,3,89.71,8.61,15.69,0.19
20251219,30,1,30.2,1.9,11.54,0.52
20251219,28,2,32.67,3.17,16.52,0.6
20251222,13,2,60.42,2.31,15.66,0.54
20251222,11,3,139.64,4.57,16.75,0.46
20251222,14,2,97.84,3.11,18.1,0.91
20251222,16,2,144.76,11.52,17.92,1.35
20251222,21,1,104.66,8.1,13.74,2.54
20251223,29,3,120.07,9.27,17.9,0.91
20251223,27,3,10.81,1.07,7.79,2.55
20251223,20,2,88.72,7.87,6.51,1.14
20251223,18,2,2.73,0.05,17.01,0.66
20251223,17,3,41.2,2.33,10.69,2.33
20251224,1,1,39.04,3.18,12.03,2.96
20251224,7,1,1.25,0.1,18.72,2.6
20251224,2,2,23.44,0.19,11.62,0.91
20251224,17,3,148.04,13.69,5.01,2.81
20251224,20,1,70.68,6.25,10.54,0.86
20251225,23,3,128.46,0.09,2.05,2.01
20251225,26,2,97.4,5.55,16.85,0.44
20251225,12,3,55.88,2.75,14.22,1.12
20251225,7,2,94.04,5.09,2.13,2.67
20251225,9,2,66.54,2.77,6.6,2.72
20251226,5,3,91.99,4.7,5.88,1.48
20251226,12,1,133.83,9.37,12.71,2.22
20251226,4,1,130.56,10.63,10.5,2.51
20251226,13,2,77.57,4.37,10.8,3.0
20251226,10,2,61.39,1.96,6.05,1.69
20251229,12,3,127.89,10.46,9.54,0.07
20251229,8,1,137.87,0.1,12.86,0.63
20251229,2,2,123.43,5.39,4.79,0.56
20251229,10,1,61.99,4.79,10.35,0.22
20251229,14,3,142.69,10.97,19.42,1.62
20251230,9,1,97.46,4.09,18.3,2.72
20251230,4,2,90.37,6.49,10.72,1.44
20251230,10,2,79.73,3.89,18.84,1.78
20251230,5,2,117.63,3.42,16.45,2.92
20251230,12,1,75.22,2.78,5.38,1.41
20251231,26,2,133.98,4.57,10.31,0.99
20251231,25,3,97.4,3.15,3.94,1.7
20251231,14,1,114.72,11.32,17.95,2.12
20251231,5,3,120.45,4.7,17.84,2.58
20251231,2,3,74.94,6.43,7.09,2.01
